wl,412,443,490,555,660,680,745,865
300,0.0,0.0,0.0,0.0,0.0,0.0,0.0,0.0
301,0.0,0.0,0.0,0.0,0.0,0.0,0.0,0.0
302,0.0,0.0,0.0,0.0,0.0,0.0,0.0,0.0
303,0.0,0.0,0.0,0.0,0.0,0.0,0.0,0.0
304,0.0,0.0,0.0,0.0,0.0,0.0,0.0,0.0
305,0.0,0.0,0.0,0.0,0.0,0.0,0.0,0.0
306,0.0,0.0,0.0,0.0,0.0,0.0,0.0,0.0
307,0.0,0.0,0.0,0.0,0.0,0.0,0.0,0.0
308,0.0,0.0,0.0,0.0,0.0,0.0,0.0,0.0
309,0.0,0.0,0.0,0.0,0.0,0.0,0.0,0.0
310,0.0,0.0,0.0,0.0,0.0,0.0,0.0,0.0
311,0.0,0.0,0.0,0.0,0.0,0.0,0.0,0.0
312,0.0,0.0,0.0,0.0,0.0,0.0,0.0,0.0
313,0.0,0.0,0.0,0.0,0.0,0.0,0.0,0.0
314,0.0,0.0,0.0,0.0,0.0,0.0,0.0,0.0
315,0.0,0.0,0.0,0.0,0.0,0.0,0.0,0.0
316,0.0,0.0,0.0,0.0,0.0,0.0,0.0,0.0
317,0.0,0.0,0.0,0.0,0.0,0.0,0.0,0.0
318,0.0,0.0,0.0,0.0,0.0,0.0,0.0,0.0
319,0.0,0.0,0.0,0.0,0.0,0.0,0.0,0.0
320,0.0,0.0,0.0,0.0,0.0,0.0,0.0,0.0
321,0.0,0.0,0.0,0.0,0.0,0.0,0.0,0.0
322,0.0,0.0,0.0,0.0,0.0,0.0,0.0,0.0
323,0.0,0.0,0.0,0.0,0.0,0.0,0.0,0.0
324,0.0,0.0,0.0,0.0,0.0,0.0,0.0,0.0
325,0.0,0.0,0.0,0.0,0.0,0.0,0.0,0.0
326,0.0,0.0,0.0,0.0,0.0,0.0,0.0,0.0
327,0.0,0.0,0.0,0.0,0.0,0.0,0.0,0.0
328,0.0,0.0,0.0,0.0,0.0,0.0,0.0,0.0
329,0.0,0.0,0.0,0.0,0.0,0.0,0.0,0.0
330,0.0,0.0,0.0,0.0,0.0,0.0,0.0,0.0
331,0.0,0.0,0.0,0.0,0.0,0.0,0.0,0.0
332,0.0,0.0,0.0,0.0,0.0,0.0,0.0,0.0
333,0.0,0.0,0.0,0.0,0.0,0.0,0.0,0.0
334,0.0,0.0,0.0,0.0,0.0,0.0,0.0,0.0
335,0.0,0.0,0.0,0.0,0.0,0.0,0.0,0.0
336,0.0,0.0,0.0,0.0,0.0,0.0,0.0,0.0
337,0.0,0.0,0.0,0.0,0.0,0.0,0.0,0.0
338,0.0,0.0,0.0,0.0,0.0,0.0,0.0,0.0
339,0.0,0.0,0.0,0.0,0.0,0.0,0.0,0.0
340,0.0,0.0,0.0,0.0,0.0,0.0,0.0,0.0
341,0.0,0.0,0.0,0.0,0.0,0.0,0.0,0.0
342,0.0,0.0,0.0,0.0,0.0,0.0,0.0,0.0
343,0.0,0.0,0.0,0.0,0.0,0.0,0.0,0.0
344,0.0,0.0,0.0,0.0,0.0,0.0,0.0,0.0
345,0.0,0.0,0.0,1e-08,0.0,0.0,0.0,0.0
346,0.0,0.0,0.0,1e-08,0.0,0.0,0.0,0.0
347,0.0,0.0,0.0,3e-08,0.0,0.0,0.0,0.0
348,0.0,0.0,0.0,4e-08,0.0,0.0,0.0,0.0
349,0.0,0.0,0.0,7e-08,0.0,0.0,0.0,0.0
350,0.0,0.0,0.0,1.4e-07,0.0,0.0,0.0,0.0
351,0.0,0.0,1e-08,1.4e-07,0.0,0.0,0.0,1e-08
352,0.0,0.0,1e-08,1.1e-07,0.0,0.0,0.0,1e-08
353,0.0,0.0,1e-08,1.1e-07,0.0,0.0,0.0,3e-08
354,0.0,0.0,4e-08,1.2e-07,0.0,0.0,0.0,6e-08
355,0.0,0.0,9e-08,1.6e-07,0.0,0.0,0.0,1e-07
356,0.0,1e-08,1.6e-07,3.1e-07,0.0,0.0,0.0,1.4e-07
357,0.0,3e-08,2.1e-07,6.8e-07,0.0,0.0,0.0,1.5e-07
358,0.0,9e-08,2.3e-07,1.16e-06,0.0,0.0,0.0,1.3e-07
359,0.0,3.3e-07,2.4e-07,1.25e-06,0.0,0.0,0.0,1.1e-07
360,0.0,1.7e-06,2.4e-07,8.3e-07,0.0,0.0,0.0,1.2e-07
361,0.0,3.19e-06,2.4e-07,3.8e-07,0.0,0.0,0.0,1.7e-07
362,0.0,2.66e-06,2.6e-07,1.4e-07,0.0,0.0,0.0,2.6e-07
363,0.0,2.45e-06,3.2e-07,5e-08,0.0,0.0,0.0,2.9e-07
364,5e-08,3.29e-06,3.9e-07,4e-08,0.0,0.0,0.0,1.5e-07
365,1.7e-07,5.89e-06,4.3e-07,1.2e-07,1e-08,3e-08,0.0,5e-08
366,3.3e-07,1.399e-05,4.5e-07,2.3e-07,2e-08,1.2e-07,0.0,3e-08
367,4.9e-07,5.294e-05,4.3e-07,1.9e-07,4e-08,7e-08,1e-08,1e-08
368,6e-07,0.00019915,3.8e-07,9e-08,1e-08,1e-07,1e-08,0.0
369,7.1e-07,0.00015307,3.2e-07,5e-08,1e-08,9e-08,1e-08,0.0
370,8e-07,7.417e-05,2.3e-07,5e-08,1e-08,6e-08,2e-08,0.0
371,8.8e-07,4.377e-05,1.6e-07,5e-08,1e-08,6e-08,3e-08,0.0
372,1.03e-06,3.363e-05,1.1e-07,1.2e-07,1e-08,1.2e-07,4e-08,0.0
373,1.36e-06,3.105e-05,8e-08,2.6e-07,3e-08,3.6e-07,4e-08,0.0
374,1.81e-06,3.257e-05,7e-08,4e-07,1.2e-07,9.5e-07,5e-08,0.0
375,2.26e-06,4.167e-05,6e-08,7.5e-07,2e-07,4.7e-07,1e-07,0.0
376,2.62e-06,7.097e-05,5e-08,2.35e-06,8e-08,2.3e-07,2.3e-07,0.0
377,2.78e-06,0.00023014,5e-08,9.35e-06,3e-08,2.4e-07,5.5e-07,0.0
378,2.95e-06,0.00099153,3e-08,3.898e-05,2e-08,3.7e-07,8.6e-07,0.0
379,3.65e-06,0.00011886,1e-08,5.512e-05,3e-08,5.4e-07,1.01e-06,0.0
380,5.16e-06,2.678e-05,1e-08,4.722e-05,3e-08,5.7e-07,1.24e-06,0.0
381,7.3e-06,1.242e-05,0.0,4.267e-05,3e-08,5.6e-07,1.69e-06,0.0
382,9.32e-06,7.27e-06,1e-08,6.712e-05,4e-08,6.7e-07,1.37e-06,0.0
383,1.155e-05,4.79e-06,1e-08,8.313e-05,1e-07,1.03e-06,6.8e-07,0.0
384,1.502e-05,3.35e-06,1e-08,8.325e-05,2.9e-07,1.58e-06,3.5e-07,0.0
385,2.06e-05,2.46e-06,2e-08,6.653e-05,5.9e-07,1.59e-06,2.3e-07,0.0
386,2.861e-05,1.91e-06,2e-08,4.769e-05,6.7e-07,1.35e-06,2e-07,0.0
387,3.864e-05,1.59e-06,5e-08,4.413e-05,5.7e-07,1.37e-06,2.4e-07,0.0
388,5.066e-05,1.44e-06,8e-08,5.842e-05,4.7e-07,1.63e-06,4e-07,1e-08
389,6.744e-05,1.35e-06,7e-08,8.975e-05,4e-07,2.09e-06,8.8e-07,2e-08
390,9.765e-05,1.27e-06,4e-08,0.00013137,3.7e-07,2.5e-06,2.07e-06,5e-08
391,0.00015736,1.19e-06,2e-08,0.00018706,3.6e-07,2.65e-06,3.18e-06,1e-07
392,0.00026883,1.15e-06,1e-08,0.00029906,4.2e-07,2.88e-06,2.92e-06,2.6e-07
393,0.00045502,1.19e-06,2e-08,0.00102039,6.4e-07,3.37e-06,2.68e-06,7.5e-07
394,0.00075997,1.31e-06,3e-08,0.00387487,1.13e-06,3.63e-06,3.07e-06,1.79e-06
395,0.00130411,1.52e-06,6e-08,0.00647256,1.79e-06,3.07e-06,4.04e-06,3.37e-06
396,0.00235034,1.77e-06,1.1e-07,0.00447392,2.15e-06,2.23e-06,4.89e-06,5.46e-06
397,0.00446143,2.07e-06,2.1e-07,0.00176777,2.02e-06,1.82e-06,4.71e-06,7.44e-06
398,0.00890755,2.43e-06,5.2e-07,0.00065007,1.73e-06,1.89e-06,4.03e-06,8.56e-06
399,0.01869409,2.85e-06,1.8e-06,0.00033572,1.43e-06,2.46e-06,3.64e-06,8.28e-06
400,0.04273147,3.38e-06,5.88e-06,0.00021625,1.21e-06,3.48e-06,3.75e-06,7.8e-06
401,0.11510803,4.04e-06,1.02e-05,0.00013908,1.23e-06,4.5e-06,4.3e-06,7.72e-06
402,0.33667672,4.85e-06,7.75e-06,8.898e-05,1.42e-06,5.02e-06,5.22e-06,8.53e-06
403,0.6434799,5.86e-06,5.11e-06,6.348e-05,1.81e-06,5.3e-06,6.32e-06,9.77e-06
404,0.8121827,7.07e-06,5.11e-06,5.146e-05,2.57e-06,5.73e-06,7.34e-06,1.082e-05
405,0.84278023,8.52e-06,6.6e-06,4.195e-05,3.7e-06,6.07e-06,7.64e-06,1.101e-05
406,0.839117,1.025e-05,9.82e-06,3.151e-05,4.72e-06,5.73e-06,6.7e-06,1.019e-05
407,0.846727,1.225e-05,1.61e-05,2.254e-05,4.96e-06,4.9e-06,5.19e-06,9.06e-06
408,0.8645145,1.471e-05,2.951e-05,1.738e-05,4.62e-06,4.29e-06,4.06e-06,8.53e-06
409,0.8899469,1.768e-05,6.531e-05,1.577e-05,4.47e-06,4.2e-06,3.57e-06,9.01e-06
410,0.91837394,2.104e-05,0.00018101,1.548e-05,4.55e-06,4.59e-06,3.61e-06,1.086e-05
411,0.95070696,2.516e-05,0.00037524,1.383e-05,4.44e-06,5.21e-06,4.18e-06,1.424e-05
412,0.9814551,2.998e-05,0.00034129,1.036e-05,3.62e-06,5.54e-06,5.4e-06,1.776e-05
413,0.9999465,3.59e-05,6.776e-05,7.04e-06,2.12e-06,5.32e-06,7.17e-06,1.805e-05
414,1.0,4.339e-05,3.989e-05,4.99e-06,9.4e-07,5.18e-06,8.28e-06,1.434e-05
415,0.97844446,5.309e-05,2.771e-05,3.91e-06,4.7e-07,5.66e-06,7.49e-06,1.065e-05
416,0.94455314,6.579e-05,2.27e-05,3.19e-06,3.1e-07,6.65e-06,6.24e-06,8.75e-06
417,0.9240194,8.275e-05,2.255e-05,2.53e-06,2.5e-07,7.07e-06,5.71e-06,8.19e-06
418,0.94377315,0.0001054,2.759e-05,1.98e-06,2.1e-07,5.82e-06,5.98e-06,8.67e-06
419,0.9955233,0.00013655,4.762e-05,1.7e-06,1.7e-07,4.06e-06,7.02e-06,1.026e-05
420,0.9173334,0.00018094,0.00014612,1.75e-06,1.6e-07,3.02e-06,8.57e-06,1.292e-05
421,0.62709135,0.00024575,0.00023418,2.14e-06,1.9e-07,2.71e-06,9.48e-06,1.593e-05
422,0.33036333,0.00034271,6.539e-05,2.84e-06,2.4e-07,3e-06,8.63e-06,1.754e-05
423,0.1534863,0.00048881,1.71e-06,3.67e-06,3.6e-07,3.76e-06,6.94e-06,1.689e-05
424,0.0713929,0.00071464,4.77e-06,4.5e-06,5.7e-07,4.58e-06,5.69e-06,1.538e-05
425,0.0352348,0.00107598,2.64e-06,5.3e-06,8.6e-07,4.62e-06,5.16e-06,1.452e-05
426,0.01868634,0.00168167,1.57e-06,6.01e-06,1.19e-06,3.89e-06,5.22e-06,1.469e-05
427,0.01071662,0.00274113,1e-06,6.41e-06,1.57e-06,3.29e-06,5.75e-06,1.565e-05
428,0.00666189,0.0046583,6.8e-07,6.34e-06,2e-06,3.22e-06,6.68e-06,1.687e-05
429,0.00444583,0.00826681,5e-07,5.88e-06,2.47e-06,3.72e-06,7.83e-06,1.761e-05
430,0.003112,0.01540482,4e-07,5.35e-06,2.92e-06,4.71e-06,8.84e-06,1.748e-05
431,0.00223708,0.03056886,3.4e-07,5.12e-06,3.02e-06,5.82e-06,9.32e-06,1.689e-05
432,0.00163536,0.06542401,2.9e-07,5.4e-06,2.76e-06,6.35e-06,9.3e-06,1.664e-05
433,0.00121658,0.1510061,2.5e-07,6.18e-06,2.38e-06,6.03e-06,9.21e-06,1.715e-05
434,0.00091822,0.35411417,2.1e-07,7.14e-06,2e-06,5.51e-06,9.32e-06,1.835e-05
435,0.00069773,0.697902,1.8e-07,7.81e-06,1.76e-06,5.46e-06,9.65e-06,1.962e-05
436,0.00053348,0.9544643,1.6e-07,8.08e-06,1.73e-06,6.07e-06,9.95e-06,1.964e-05
437,0.00041194,1.0,1.6e-07,8.32e-06,1.84e-06,6.98e-06,9.81e-06,1.766e-05
438,0.00032297,0.97390735,1.6e-07,8.93e-06,1.94e-06,7.27e-06,9.04e-06,1.463e-05
439,0.00025715,0.95586175,1.6e-07,9.92e-06,1.92e-06,6.41e-06,7.95e-06,1.203e-05
440,0.00020693,0.95354307,1.7e-07,1.055e-05,1.85e-06,5.14e-06,7.03e-06,1.036e-05
441,0.00016764,0.9546769,1.8e-07,9.82e-06,1.96e-06,4.33e-06,6.55e-06,9.54e-06
442,0.00013741,0.9509563,1.8e-07,7.94e-06,2.5e-06,4.18e-06,6.58e-06,9.36e-06
443,0.00011462,0.9411344,1.9e-07,5.99e-06,4.02e-06,4.64e-06,7.16e-06,9.72e-06
444,9.779e-05,0.93223536,2.1e-07,4.66e-06,8.18e-06,5.59e-06,8.27e-06,1.04e-05
445,8.396e-05,0.9202309,2.3e-07,4.02e-06,1.86e-05,6.45e-06,9.61e-06,1.116e-05
446,7.096e-05,0.9052876,2.6e-07,3.92e-06,3.917e-05,6.42e-06,1.043e-05,1.181e-05
447,5.872e-05,0.8981071,2.9e-07,4.21e-06,6.782e-05,5.54e-06,1.015e-05,1.225e-05
448,4.775e-05,0.9073767,3.4e-07,4.78e-06,9.15e-05,4.62e-06,9.1e-06,1.263e-05
449,3.847e-05,0.9287409,4e-07,5.62e-06,9.644e-05,4.17e-06,8.09e-06,1.322e-05
450,3.078e-05,0.89027315,4.8e-07,6.98e-06,8.593e-05,4.27e-06,7.53e-06,1.436e-05
451,2.442e-05,0.6735516,5.9e-07,9.52e-06,7.223e-05,4.88e-06,7.55e-06,1.627e-05
452,1.932e-05,0.3766449,7.5e-07,1.475e-05,5.558e-05,5.85e-06,8.09e-06,1.892e-05
453,1.539e-05,0.18025987,9.7e-07,2.583e-05,3.899e-05,6.73e-06,8.93e-06,2.185e-05
454,1.252e-05,0.08528366,1.3e-06,4.539e-05,2.788e-05,7.01e-06,9.61e-06,2.389e-05
455,1.052e-05,0.04227092,1.76e-06,6.169e-05,2.039e-05,6.52e-06,9.57e-06,2.39e-05
456,9.04e-06,0.02221055,2.42e-06,6.154e-05,1.556e-05,5.65e-06,8.71e-06,2.217e-05
457,7.86e-06,0.01239615,3.35e-06,5.426e-05,1.313e-05,4.99e-06,7.57e-06,2.011e-05
458,6.92e-06,0.00733019,4.7e-06,5.08e-05,1.296e-05,4.74e-06,6.67e-06,1.868e-05
459,6.2e-06,0.0045487,6.65e-06,5.551e-05,1.543e-05,4.84e-06,6.21e-06,1.822e-05
460,5.71e-06,0.00293252,9.58e-06,7.241e-05,2.279e-05,5.09e-06,6.17e-06,1.878e-05
461,5.4e-06,0.00196127,1.405e-05,0.00011318,4.175e-05,5.28e-06,6.45e-06,2.022e-05
462,5.19e-06,0.00135917,2.079e-05,0.00020536,8.266e-05,5.27e-06,6.82e-06,2.23e-05
463,5.03e-06,0.00098373,3.09e-05,0.00029287,0.00016674,5.18e-06,6.99e-06,2.437e-05
464,4.91e-06,0.00074532,4.582e-05,0.00024513,0.00030654,5.17e-06,6.8e-06,2.553e-05
465,4.8e-06,0.00058765,6.719e-05,0.00015961,0.0005139,5.34e-06,6.33e-06,2.535e-05
466,4.69e-06,0.00047811,9.743e-05,0.0001073,0.0009888,5.73e-06,5.84e-06,2.425e-05
467,4.54e-06,0.00039645,0.00014002,8.339e-05,0.00147813,6.32e-06,5.55e-06,2.306e-05
468,4.28e-06,0.00033098,0.00020071,7.417e-05,0.00146627,6.96e-06,5.57e-06,2.247e-05
469,3.92e-06,0.00027684,0.00028977,7.291e-05,0.00140546,7.49e-06,5.97e-06,2.278e-05
470,3.55e-06,0.0002319,0.00042516,7.712e-05,0.00092638,7.84e-06,6.84e-06,2.397e-05
471,3.22e-06,0.00019459,0.00063844,8.706e-05,0.00053591,8.1e-06,8.17e-06,2.589e-05
472,3e-06,0.00016408,0.00099199,0.00010647,0.00032012,8.41e-06,9.79e-06,2.785e-05
473,2.85e-06,0.00013831,0.00160455,0.0001441,0.00012394,8.78e-06,1.112e-05,2.893e-05
474,2.73e-06,0.00011656,0.00273165,0.00022186,0.00010629,9.15e-06,1.17e-05,2.831e-05
475,2.6e-06,9.839e-05,0.00494179,0.00038442,8.933e-05,9.39e-06,1.16e-05,2.605e-05
476,2.44e-06,8.345e-05,0.00960193,0.00147624,7.729e-05,9.37e-06,1.125e-05,2.308e-05
477,2.3e-06,7.135e-05,0.02027164,0.00295333,6.536e-05,9.07e-06,1.1e-05,2.034e-05
478,2.21e-06,6.144e-05,0.04709733,0.00149801,5.234e-05,8.58e-06,1.102e-05,1.825e-05
479,2.16e-06,5.276e-05,0.11947944,0.00056888,3.958e-05,8.03e-06,1.132e-05,1.689e-05
480,2.15e-06,4.47e-05,0.3013893,0.00029225,2.892e-05,7.47e-06,1.182e-05,1.619e-05
481,2.16e-06,3.679e-05,0.6036564,0.00020964,2.108e-05,6.96e-06,1.238e-05,1.604e-05
482,2.19e-06,2.935e-05,0.8228122,0.00020093,1.577e-05,6.6e-06,1.284e-05,1.633e-05
483,2.28e-06,2.271e-05,0.8271815,0.00029681,1.232e-05,6.51e-06,1.313e-05,1.699e-05
484,2.45e-06,1.726e-05,0.82241833,0.00086676,1.011e-05,6.78e-06,1.333e-05,1.792e-05
485,2.74e-06,1.304e-05,0.8686924,0.00040471,8.66e-06,7.46e-06,1.351e-05,1.906e-05
486,3.18e-06,9.91e-06,0.932546,0.00010084,7.64e-06,8.56e-06,1.363e-05,2.035e-05
487,3.76e-06,7.63e-06,0.9811869,2.8e-05,6.92e-06,9.95e-06,1.352e-05,2.175e-05
488,4.49e-06,5.95e-06,1.0,1.091e-05,6.47e-06,1.094e-05,1.289e-05,2.323e-05
489,5.43e-06,4.68e-06,0.99890774,5.31e-06,6.36e-06,1.019e-05,1.168e-05,2.482e-05
490,6.75e-06,3.73e-06,0.99738866,2.98e-06,6.67e-06,7.72e-06,1.014e-05,2.627e-05
491,8.66e-06,3e-06,0.99386925,1.84e-06,7.34e-06,5.27e-06,8.61e-06,2.769e-05
492,1.149e-05,2.47e-06,0.9890931,1.23e-06,8.26e-06,3.69e-06,7.43e-06,2.888e-05
493,1.557e-05,2.11e-06,0.9691087,8.6e-07,8.92e-06,2.73e-06,6.67e-06,2.975e-05
494,2.142e-05,1.88e-06,0.93482715,6.3e-07,8.76e-06,2.14e-06,6.31e-06,3.017e-05
495,3.004e-05,1.72e-06,0.90005803,4.8e-07,7.65e-06,1.8e-06,6.31e-06,3.026e-05
496,4.39e-05,1.62e-06,0.8887258,3.9e-07,6.25e-06,1.66e-06,6.67e-06,3.007e-05
497,6.846e-05,1.55e-06,0.8953897,3.2e-07,5.16e-06,1.71e-06,7.37e-06,2.974e-05
498,0.00011593,1.49e-06,0.84249675,2.9e-07,4.55e-06,2.01e-06,8.39e-06,2.936e-05
499,0.00021419,1.45e-06,0.6161304,2.6e-07,4.4e-06,2.72e-06,9.62e-06,2.896e-05
500,0.00043991,1.42e-06,0.3004161,2.5e-07,4.59e-06,4.11e-06,1.08e-05,2.849e-05
501,0.00103634,1.41e-06,0.11742156,2.5e-07,4.9e-06,6.31e-06,1.153e-05,2.784e-05
502,0.00188566,1.43e-06,0.05118329,2.5e-07,4.98e-06,8.13e-06,1.16e-05,2.696e-05
503,0.00202629,1.47e-06,0.0252951,2.5e-07,4.55e-06,7.84e-06,1.119e-05,2.584e-05
504,0.00154746,1.52e-06,0.01359632,2.6e-07,3.75e-06,6.59e-06,1.064e-05,2.456e-05
505,0.00105352,1.57e-06,0.00778998,2.8e-07,2.97e-06,5.75e-06,1.024e-05,2.323e-05
506,0.00074084,1.61e-06,0.00468723,3.1e-07,2.4e-06,5.51e-06,1.006e-05,2.204e-05
507,0.00056096,1.65e-06,0.00294037,3.6e-07,2.03e-06,5.84e-06,1.008e-05,2.104e-05
508,0.00045071,1.68e-06,0.00190603,4.2e-07,1.81e-06,6.73e-06,1.014e-05,2.039e-05
509,0.00037843,1.72e-06,0.00127818,5.2e-07,1.75e-06,8.01e-06,1.008e-05,2.009e-05
510,0.00032935,1.76e-06,0.00088352,6.4e-07,1.82e-06,8.76e-06,9.72e-06,2.016e-05
511,0.00029739,1.81e-06,0.00062887,8.1e-07,2.08e-06,7.76e-06,9.05e-06,2.06e-05
512,0.00027915,1.86e-06,0.00045984,1.06e-06,2.59e-06,5.71e-06,8.22e-06,2.138e-05
513,0.00027157,1.88e-06,0.00034496,1.39e-06,3.59e-06,4.04e-06,7.43e-06,2.248e-05
514,0.00027173,1.9e-06,0.0002656,1.85e-06,5.54e-06,3.04e-06,6.84e-06,2.377e-05
515,0.00027611,1.92e-06,0.00020965,2.45e-06,9.05e-06,2.51e-06,6.51e-06,2.521e-05
516,0.00028234,1.96e-06,0.0001702,3.27e-06,1.292e-05,2.31e-06,6.5e-06,2.659e-05
517,0.00028522,2.05e-06,0.00014143,4.31e-06,1.279e-05,2.39e-06,6.83e-06,2.784e-05
518,0.00027804,2.21e-06,0.0001198,5.53e-06,8.54e-06,2.78e-06,7.55e-06,2.88e-05
519,0.00025532,2.47e-06,0.00010259,6.82e-06,5.68e-06,3.59e-06,8.68e-06,2.943e-05
520,0.00021859,2.85e-06,8.798e-05,8.1e-06,4.42e-06,4.93e-06,1.022e-05,2.978e-05
521,0.00017624,3.35e-06,7.532e-05,9.49e-06,3.87e-06,6.51e-06,1.197e-05,2.983e-05
522,0.00013619,4e-06,6.406e-05,1.074e-05,3.7e-06,6.97e-06,1.342e-05,2.963e-05
523,0.00010335,4.86e-06,5.42e-05,1.222e-05,3.79e-06,5.57e-06,1.391e-05,2.92e-05
524,7.91e-05,6.03e-06,4.568e-05,1.398e-05,4.12e-06,3.83e-06,1.318e-05,2.857e-05
525,6.263e-05,7.75e-06,3.837e-05,1.617e-05,4.75e-06,2.68e-06,1.168e-05,2.784e-05
526,5.219e-05,1.048e-05,3.206e-05,1.915e-05,5.84e-06,2.03e-06,1.006e-05,2.699e-05
527,4.553e-05,1.5e-05,2.64e-05,2.293e-05,7.69e-06,1.69e-06,8.67e-06,2.618e-05
528,4.082e-05,2.301e-05,2.152e-05,2.809e-05,1.095e-05,1.55e-06,7.68e-06,2.547e-05
529,3.665e-05,3.791e-05,1.735e-05,3.489e-05,1.684e-05,1.56e-06,7.05e-06,2.493e-05
530,3.25e-05,6.766e-05,1.395e-05,4.414e-05,2.772e-05,1.68e-06,6.75e-06,2.462e-05
531,2.871e-05,0.00013369,1.129e-05,5.689e-05,4.782e-05,1.94e-06,6.72e-06,2.457e-05
532,2.59e-05,0.0003069,9.32e-06,7.488e-05,8.283e-05,2.34e-06,6.94e-06,2.482e-05
533,2.459e-05,0.00087195,7.91e-06,0.00010132,0.00013461,2.91e-06,7.38e-06,2.531e-05
534,2.504e-05,0.00193012,6.83e-06,0.00014132,0.00019104,3.65e-06,8.01e-06,2.597e-05
535,2.74e-05,0.00139735,5.96e-06,0.00020386,0.00023065,4.53e-06,8.78e-06,2.666e-05
536,3.166e-05,0.00080737,5.16e-06,0.00030415,0.0002485,5.46e-06,9.61e-06,2.727e-05
537,3.746e-05,0.00056224,4.38e-06,0.0004711,0.00026054,6.3e-06,1.041e-05,2.763e-05
538,4.377e-05,0.00046239,3.61e-06,0.00075848,0.00027845,6.94e-06,1.11e-05,2.767e-05
539,4.934e-05,0.00042001,2.91e-06,0.00127406,0.00029882,7.37e-06,1.16e-05,2.736e-05
540,5.336e-05,0.00039988,2.31e-06,0.00224236,0.00030091,7.7e-06,1.188e-05,2.68e-05
541,5.571e-05,0.00038613,1.84e-06,0.00417086,0.00026423,8.04e-06,1.198e-05,2.612e-05
542,5.641e-05,0.00037213,1.49e-06,0.00828904,0.00020042,8.46e-06,1.194e-05,2.544e-05
543,5.521e-05,0.00035762,1.25e-06,0.01784243,0.00014217,8.91e-06,1.182e-05,2.485e-05
544,5.186e-05,0.00034585,1.07e-06,0.04243917,0.00010256,9.34e-06,1.165e-05,2.44e-05
545,4.653e-05,0.00033966,9.6e-07,0.12747565,7.779e-05,9.59e-06,1.145e-05,2.41e-05
546,4.005e-05,0.0003402,8.8e-07,0.501751,6.261e-05,9.57e-06,1.121e-05,2.389e-05
547,3.355e-05,0.00034714,8.2e-07,0.9087901,5.375e-05,9.22e-06,1.092e-05,2.373e-05
548,2.804e-05,0.00036002,7.9e-07,0.89259773,4.965e-05,8.64e-06,1.06e-05,2.355e-05
549,2.402e-05,0.00037643,7.9e-07,0.80025,4.974e-05,8.04e-06,1.026e-05,2.328e-05
550,2.146e-05,0.00038869,7.9e-07,0.79827374,5.447e-05,7.59e-06,9.94e-06,2.288e-05
551,2.001e-05,0.00037813,8.2e-07,0.8689416,6.576e-05,7.42e-06,9.66e-06,2.24e-05
552,1.91e-05,0.00032316,8.4e-07,0.95453537,8.824e-05,7.57e-06,9.49e-06,2.192e-05
553,1.81e-05,0.00023617,8.7e-07,1.0,0.00013236,8.01e-06,9.46e-06,2.151e-05
554,1.666e-05,0.0001571,8.8e-07,0.9964509,0.00022003,8.64e-06,9.6e-06,2.129e-05
555,1.492e-05,0.0001041,8.7e-07,0.9756907,0.0003821,9.17e-06,9.93e-06,2.14e-05
556,1.339e-05,7.264e-05,8.6e-07,0.9686822,0.00059354,9.34e-06,1.048e-05,2.186e-05
557,1.245e-05,5.383e-05,8.5e-07,0.97700936,0.00068908,9.03e-06,1.117e-05,2.267e-05
558,1.227e-05,4.176e-05,8.4e-07,0.9826459,0.00058269,8.52e-06,1.184e-05,2.387e-05
559,1.296e-05,3.335e-05,8.6e-07,0.9727672,0.00046054,8.17e-06,1.232e-05,2.526e-05
560,1.442e-05,2.693e-05,9e-07,0.95231026,0.00040683,8.03e-06,1.235e-05,2.657e-05
561,1.63e-05,2.195e-05,9.9e-07,0.9506084,0.00041106,7.5e-06,1.186e-05,2.728e-05
562,1.791e-05,1.819e-05,1.12e-06,0.96640015,0.00047367,5.58e-06,1.099e-05,2.689e-05
563,1.875e-05,1.555e-05,1.31e-06,0.8379867,0.00061601,3.01e-06,1.003e-05,2.517e-05
564,1.887e-05,1.394e-05,1.55e-06,0.49986354,0.00086637,1.42e-06,9.16e-06,2.247e-05
565,1.893e-05,1.33e-05,1.84e-06,0.22419374,0.00119835,7e-07,8.55e-06,1.934e-05
566,1.968e-05,1.349e-05,2.17e-06,0.0919045,0.00145544,3.8e-07,8.22e-06,1.638e-05
567,2.181e-05,1.442e-05,2.51e-06,0.03954655,0.00153205,2.2e-07,8.19e-06,1.387e-05
568,2.594e-05,1.593e-05,2.84e-06,0.01857808,0.00156893,1.4e-07,8.49e-06,1.191e-05
569,3.247e-05,1.785e-05,3.15e-06,0.0095014,0.00150705,9e-08,9.17e-06,1.04e-05
570,4.085e-05,1.99e-05,3.43e-06,0.00520584,0.0009664,7e-08,1.018e-05,9.3e-06
571,4.971e-05,2.203e-05,3.71e-06,0.00302636,0.00028241,5e-08,1.14e-05,8.52e-06
572,5.787e-05,2.421e-05,4.04e-06,0.0018488,8.246e-05,4e-08,1.235e-05,8.03e-06
573,6.574e-05,2.635e-05,4.48e-06,0.00117853,3.597e-05,3e-08,1.237e-05,7.76e-06
574,7.548e-05,2.801e-05,5.13e-06,0.0007783,1.772e-05,3e-08,1.114e-05,7.71e-06
575,9.073e-05,2.839e-05,6.15e-06,0.00053088,9.6e-06,3e-08,9.25e-06,7.88e-06
576,0.00011593,2.687e-05,7.82e-06,0.00037264,5.65e-06,3e-08,7.42e-06,8.25e-06
577,0.00015461,2.379e-05,1.065e-05,0.00026803,3.58e-06,4e-08,6e-06,8.87e-06
578,0.00020635,2.016e-05,1.573e-05,0.00019712,2.41e-06,5e-08,5.01e-06,9.77e-06
579,0.00026604,1.668e-05,2.548e-05,0.00014804,1.71e-06,7e-08,4.37e-06,1.098e-05
580,0.00032925,1.354e-05,4.575e-05,0.00011311,1.26e-06,2.1e-07,4.01e-06,1.255e-05
581,0.000398,1.085e-05,9.33e-05,8.788e-05,9.7e-07,1.58e-06,3.87e-06,1.45e-05
582,0.00048076,8.66e-06,0.00022535,6.923e-05,7.7e-07,7.71e-06,3.94e-06,1.677e-05
583,0.00059452,6.97e-06,0.00064951,5.527e-05,6.3e-07,2.305e-05,4.23e-06,1.926e-05
584,0.00076713,5.75e-06,0.00158481,4.47e-05,5.3e-07,7.31e-06,4.8e-06,2.168e-05
585,0.00101733,4.92e-06,0.00193374,3.67e-05,4.6e-07,3.56e-06,5.77e-06,2.366e-05
586,0.00130147,4.34e-06,0.00076407,3.054e-05,4.1e-07,2.53e-06,7.25e-06,2.499e-05
587,0.00150772,3.87e-06,0.00038052,2.576e-05,3.7e-07,2.18e-06,9.3e-06,2.558e-05
588,0.00155221,3.4e-06,0.0002605,2.215e-05,3.5e-07,2.21e-06,1.135e-05,2.554e-05
589,0.00145704,2.89e-06,0.00019655,1.932e-05,3.3e-07,2.95e-06,1.197e-05,2.514e-05
590,0.00130224,2.35e-06,0.00016157,1.711e-05,3.2e-07,1.988e-05,1.053e-05,2.463e-05
591,0.00115249,1.85e-06,0.00014284,1.53e-05,3.2e-07,0.00022927,8.25e-06,2.419e-05
592,0.00104307,1.44e-06,0.0001347,1.392e-05,3.2e-07,0.00143588,6.32e-06,2.392e-05
593,0.00099345,1.14e-06,0.00013476,1.273e-05,3.3e-07,0.00736243,4.99e-06,2.384e-05
594,0.0010095,9.5e-07,0.00014281,1.173e-05,3.4e-07,0.00341323,4.14e-06,2.4e-05
595,0.00107107,8.5e-07,0.00016076,1.087e-05,3.6e-07,0.00081006,3.64e-06,2.431e-05
596,0.00110797,8.3e-07,0.00019228,1.013e-05,3.8e-07,0.00061474,3.36e-06,2.476e-05
597,0.0010374,8.6e-07,0.00024488,9.55e-06,4e-07,0.00065619,3.26e-06,2.527e-05
598,0.00084426,9.4e-07,0.00033081,8.98e-06,4.3e-07,0.00145312,3.32e-06,2.574e-05
599,0.00060205,1.05e-06,0.00046984,8.55e-06,4.7e-07,0.00518855,3.51e-06,2.615e-05
600,0.00039609,1.17e-06,0.00069289,8.29e-06,5e-07,0.00090851,3.84e-06,2.637e-05
601,0.00025821,1.26e-06,0.00103845,8.06e-06,5.4e-07,0.00010664,4.32e-06,2.642e-05
602,0.00017878,1.28e-06,0.00153675,8.03e-06,5.8e-07,5.459e-05,4.91e-06,2.631e-05
603,0.00013754,1.25e-06,0.00211442,8.08e-06,6.1e-07,2.523e-05,5.58e-06,2.605e-05
604,0.0001195,1.18e-06,0.00244576,8.24e-06,6.9e-07,1.321e-05,6.21e-06,2.571e-05
605,0.00011705,1.11e-06,0.00216612,8.4e-06,7.2e-07,7.53e-06,6.7e-06,2.537e-05
606,0.00012632,1.09e-06,0.00148241,8.69e-06,7.7e-07,4.56e-06,7.01e-06,2.504e-05
607,0.00013897,1.15e-06,0.00091359,8.95e-06,8.5e-07,2.92e-06,7.19e-06,2.478e-05
608,0.00014211,1.3e-06,0.00058265,9.18e-06,9.2e-07,1.96e-06,7.38e-06,2.463e-05
609,0.00012855,1.6e-06,0.00040061,9.39e-06,9.9e-07,1.34e-06,7.71e-06,2.456e-05
610,0.00010275,2.14e-06,0.00029705,9.54e-06,1.05e-06,9.3e-07,8.27e-06,2.457e-05
611,7.581e-05,3.01e-06,0.00023594,9.52e-06,1.09e-06,6.6e-07,9.07e-06,2.466e-05
612,5.51e-05,4.26e-06,0.00019885,9.52e-06,1.13e-06,5e-07,9.94e-06,2.479e-05
613,4.196e-05,5.78e-06,0.00017637,9.39e-06,1.19e-06,3.7e-07,1.038e-05,2.495e-05
614,3.483e-05,7.28e-06,0.00016352,9.19e-06,1.27e-06,2.8e-07,9.74e-06,2.512e-05
615,3.192e-05,8.44e-06,0.00015806,9e-06,1.3e-06,2.3e-07,8.06e-06,2.528e-05
616,3.222e-05,9.14e-06,0.00015919,8.74e-06,1.4e-06,1.8e-07,6.1e-06,2.54e-05
617,3.554e-05,9.48e-06,0.00016721,8.58e-06,1.48e-06,1.3e-07,4.48e-06,2.547e-05
618,4.222e-05,9.58e-06,0.00018333,8.45e-06,1.59e-06,1.3e-07,3.34e-06,2.552e-05
619,5.273e-05,9.65e-06,0.00020996,8.42e-06,1.73e-06,7e-08,2.58e-06,2.553e-05
620,6.602e-05,9.97e-06,0.00024939,8.5e-06,1.81e-06,8e-08,2.09e-06,2.547e-05
621,7.82e-05,1.079e-05,0.00030383,8.65e-06,2.01e-06,8e-08,1.78e-06,2.54e-05
622,8.437e-05,1.238e-05,0.00037517,8.84e-06,2.24e-06,8e-08,1.59e-06,2.532e-05
623,8.285e-05,1.51e-05,0.00046435,9.08e-06,2.49e-06,8e-08,1.5e-06,2.523e-05
624,7.603e-05,1.954e-05,0.00057115,9.33e-06,2.84e-06,8e-08,1.49e-06,2.515e-05
625,6.808e-05,2.667e-05,0.00069706,9.54e-06,3.26e-06,8e-08,1.57e-06,2.506e-05
626,6.199e-05,3.764e-05,0.00084291,9.67e-06,3.76e-06,8e-08,1.74e-06,2.501e-05
627,5.926e-05,5.349e-05,0.00101143,9.71e-06,4.41e-06,9e-08,2.06e-06,2.498e-05
628,6.053e-05,7.419e-05,0.00119656,9.67e-06,5.29e-06,9e-08,2.59e-06,2.496e-05
629,6.634e-05,9.675e-05,0.00137411,9.52e-06,6.4e-06,9e-08,3.48e-06,2.498e-05
630,7.816e-05,0.00011474,0.00151295,9.31e-06,7.9e-06,9e-08,4.95e-06,2.505e-05
631,9.832e-05,0.00012223,0.0015884,9.05e-06,9.89e-06,9e-08,7.21e-06,2.516e-05
632,0.00012931,0.00011786,0.00159651,8.78e-06,1.257e-05,9e-08,9.89e-06,2.528e-05
633,0.00017051,0.00010458,0.00154876,8.52e-06,1.632e-05,9e-08,1.132e-05,2.544e-05
634,0.00021527,8.809e-05,0.00146185,8.36e-06,2.157e-05,9e-08,1.063e-05,2.562e-05
635,0.00024983,7.262e-05,0.0013396,8.36e-06,2.895e-05,9e-08,9.13e-06,2.581e-05
636,0.00025958,5.981e-05,0.00117233,8.63e-06,3.961e-05,9e-08,7.98e-06,2.599e-05
637,0.00024147,4.978e-05,0.00094446,9.33e-06,5.54e-05,9e-08,7.47e-06,2.615e-05
638,0.00020726,4.242e-05,0.00067773,1.066e-05,7.909e-05,9e-08,7.63e-06,2.629e-05
639,0.00017216,3.755e-05,0.00044202,1.305e-05,0.0001156,9e-08,8.48e-06,2.641e-05
640,0.00014467,3.472e-05,0.00027943,1.727e-05,0.00017336,9e-08,9.94e-06,2.649e-05
641,0.00012686,3.334e-05,0.00018359,2.495e-05,0.00026737,9e-08,1.372e-05,2.656e-05
642,0.00011841,3.288e-05,0.0001258,3.981e-05,0.00042608,9e-08,1.625e-05,2.659e-05
643,0.00011931,3.285e-05,8.772e-05,7.104e-05,0.00070401,9e-08,1.606e-05,2.663e-05
644,0.00013103,3.279e-05,6.346e-05,0.00012551,0.0012136,9e-08,1.479e-05,2.668e-05
645,0.00015401,3.221e-05,4.958e-05,0.00035568,0.00220141,9e-08,1.448e-05,2.674e-05
646,0.00018865,3.081e-05,4.154e-05,0.00427677,0.00424506,9e-08,1.65e-05,2.686e-05
647,0.00022825,2.867e-05,3.659e-05,0.00183668,0.0088436,9e-08,2.219e-05,2.699e-05
648,0.00025222,2.601e-05,3.327e-05,0.0004691,0.02030147,9e-08,2.233e-05,2.71e-05
649,0.00025041,2.327e-05,3.089e-05,0.00018271,0.05263154,9e-08,9.32e-06,2.721e-05
650,0.00022632,2.096e-05,2.92e-05,9.615e-05,0.15350066,1e-07,3.06e-06,2.72e-05
651,0.00018633,1.94e-05,2.812e-05,5.843e-05,0.43186405,1e-07,3.05e-06,2.704e-05
652,0.00014322,1.881e-05,2.776e-05,3.91e-05,0.8432948,1.1e-07,2.17e-06,2.665e-05
653,0.00010911,1.939e-05,2.819e-05,2.841e-05,0.98676795,2e-07,1.44e-06,2.597e-05
654,8.733e-05,2.141e-05,2.941e-05,2.234e-05,0.8781791,2e-07,9.6e-07,2.5e-05
655,7.576e-05,2.535e-05,3.129e-05,1.901e-05,0.86774373,3.1e-07,6.5e-07,2.373e-05
656,7.177e-05,3.182e-05,3.336e-05,1.744e-05,0.9166795,4e-07,4.5e-07,2.225e-05
657,7.398e-05,4.171e-05,3.505e-05,1.717e-05,0.9667221,5e-07,3.2e-07,2.069e-05
658,8.183e-05,5.503e-05,3.578e-05,1.803e-05,0.9865914,6.2e-07,2.3e-07,1.913e-05
659,9.408e-05,6.864e-05,3.509e-05,1.995e-05,0.9813416,9.3e-07,1.7e-07,1.767e-05
660,0.00010725,7.678e-05,3.296e-05,2.295e-05,0.9761243,1.25e-06,1.3e-07,1.641e-05
661,0.00011638,7.786e-05,2.99e-05,2.712e-05,0.9839834,1.79e-06,2.1e-07,1.535e-05
662,0.00011707,7.509e-05,2.652e-05,3.257e-05,0.99266905,2.66e-06,2.4e-07,1.452e-05
663,0.00010814,7.033e-05,2.347e-05,3.96e-05,0.98425436,4.08e-06,2.4e-07,1.394e-05
664,9.341e-05,6.409e-05,2.113e-05,4.883e-05,0.95727456,6.52e-06,2.3e-07,1.36e-05
665,7.852e-05,5.838e-05,1.963e-05,6.126e-05,0.9386191,1.076e-05,2.1e-07,1.352e-05
666,6.709e-05,5.391e-05,1.902e-05,7.908e-05,0.9642002,1.848e-05,1.9e-07,1.372e-05
667,6.005e-05,5.062e-05,1.916e-05,0.00010533,1.0,3.344e-05,1.7e-07,1.424e-05
668,5.73e-05,4.955e-05,1.984e-05,0.00013079,0.8534353,6.414e-05,1.6e-07,1.51e-05
669,5.858e-05,5.179e-05,2.075e-05,0.00011656,0.44201973,0.0001323,1.4e-07,1.638e-05
670,6.419e-05,5.825e-05,2.15e-05,7.274e-05,0.14222477,0.00029807,1.3e-07,1.819e-05
671,7.515e-05,7.001e-05,2.172e-05,3.872e-05,0.05320299,0.00075345,1.9e-07,2.051e-05
672,9.262e-05,8.762e-05,2.106e-05,2.099e-05,0.02408611,0.00221971,2.4e-07,2.329e-05
673,0.0001173,0.00011071,1.95e-05,1.253e-05,0.01195326,0.00818203,2.6e-07,2.618e-05
674,0.00014677,0.00013711,1.73e-05,8.35e-06,0.00636992,0.04059773,2.8e-07,2.838e-05
675,0.00017278,0.00016186,1.491e-05,6.17e-06,0.00360266,0.22179016,2.9e-07,2.879e-05
676,0.00018431,0.0001792,1.271e-05,4.99e-06,0.00214471,0.7720156,3e-07,2.679e-05
677,0.00017577,0.00018541,1.096e-05,4.35e-06,0.00133314,0.8235627,3e-07,2.293e-05
678,0.00015166,0.00018099,9.78e-06,4.06e-06,0.00086134,0.89394987,3.1e-07,1.854e-05
679,0.00012195,0.00016764,9.22e-06,4e-06,0.00057611,0.9842998,3.1e-07,1.459e-05
680,9.487e-05,0.00014623,9.27e-06,4.11e-06,0.00039647,0.98560035,3.1e-07,1.146e-05
681,7.399e-05,0.00012034,9.97e-06,4.34e-06,0.00027992,1.0,3.7e-07,9.12e-06
682,5.912e-05,9.539e-05,1.139e-05,4.69e-06,0.00020221,0.9754782,4.3e-07,7.41e-06
683,4.89e-05,7.514e-05,1.366e-05,5.12e-06,0.0001493,0.9080784,4.6e-07,6.17e-06
684,4.195e-05,6.034e-05,1.693e-05,5.63e-06,0.0001125,0.821284,5.1e-07,5.25e-06
685,3.733e-05,4.999e-05,2.131e-05,6.2e-06,8.623e-05,0.22270414,5.6e-07,4.59e-06
686,3.449e-05,4.295e-05,2.664e-05,6.83e-06,6.728e-05,0.02370547,5.9e-07,4.1e-06
687,3.31e-05,3.829e-05,3.225e-05,7.53e-06,5.333e-05,0.00671738,6.6e-07,3.76e-06
688,3.301e-05,3.536e-05,3.711e-05,8.34e-06,4.281e-05,0.00216011,6.8e-07,3.53e-06
689,3.431e-05,3.379e-05,4.085e-05,9.34e-06,3.485e-05,0.00080292,7.4e-07,3.38e-06
690,3.706e-05,3.313e-05,4.379e-05,1.056e-05,2.87e-05,0.00033612,8e-07,3.33e-06
691,4.138e-05,3.303e-05,4.667e-05,1.205e-05,2.388e-05,0.00015491,8.9e-07,3.36e-06
692,4.733e-05,3.316e-05,5.067e-05,1.377e-05,2.016e-05,7.735e-05,9.8e-07,3.47e-06
693,5.426e-05,3.31e-05,5.695e-05,1.548e-05,1.707e-05,4.118e-05,1.07e-06,3.69e-06
694,6.059e-05,3.266e-05,6.618e-05,1.692e-05,1.466e-05,2.314e-05,1.16e-06,4.04e-06
695,6.412e-05,3.171e-05,7.799e-05,1.792e-05,1.263e-05,1.355e-05,1.31e-06,4.55e-06
696,6.334e-05,3.015e-05,9.192e-05,1.856e-05,1.099e-05,8.32e-06,1.47e-06,5.32e-06
697,5.851e-05,2.801e-05,0.00010836,1.912e-05,9.6e-06,5.22e-06,1.65e-06,6.44e-06
698,5.135e-05,2.541e-05,0.00012666,1.98e-05,8.53e-06,3.45e-06,1.83e-06,8.11e-06
699,4.374e-05,2.257e-05,0.00014274,2.063e-05,7.55e-06,2.3e-06,2.01e-06,1.061e-05
700,3.712e-05,1.98e-05,0.0001519,2.147e-05,6.75e-06,1.6e-06,2.29e-06,1.426e-05
701,3.216e-05,1.734e-05,0.00015102,2.211e-05,6.05e-06,1.16e-06,2.54e-06,1.904e-05
702,2.89e-05,1.535e-05,0.00013926,2.229e-05,5.46e-06,8.1e-07,2.78e-06,2.36e-05
703,2.716e-05,1.387e-05,0.00011835,2.178e-05,4.97e-06,5.6e-07,3.12e-06,2.501e-05
704,2.684e-05,1.293e-05,9.282e-05,2.046e-05,4.57e-06,4.8e-07,3.58e-06,2.171e-05
705,2.784e-05,1.245e-05,6.751e-05,1.829e-05,4.2e-06,3.1e-07,4.04e-06,1.64e-05
706,3.034e-05,1.244e-05,4.643e-05,1.565e-05,3.95e-06,2.4e-07,4.61e-06,1.195e-05
707,3.452e-05,1.291e-05,3.069e-05,1.294e-05,3.76e-06,2.3e-07,5.3e-06,8.94e-06
708,4.064e-05,1.395e-05,1.995e-05,1.047e-05,3.59e-06,1.5e-07,6.22e-06,6.95e-06
709,4.835e-05,1.564e-05,1.306e-05,8.39e-06,3.45e-06,1.5e-07,7.25e-06,5.64e-06
710,5.683e-05,1.825e-05,8.86e-06,6.78e-06,3.36e-06,7e-08,8.62e-06,4.76e-06
711,6.445e-05,2.215e-05,6.32e-06,5.6e-06,3.23e-06,8e-08,1.009e-05,4.18e-06
712,6.926e-05,2.785e-05,4.79e-06,4.81e-06,3.23e-06,8e-08,1.21e-05,3.79e-06
713,6.942e-05,3.57e-05,3.86e-06,4.33e-06,3.23e-06,8e-08,1.451e-05,3.56e-06
714,6.484e-05,4.593e-05,3.29e-06,4.09e-06,3.2e-06,8e-08,1.764e-05,3.47e-06
715,5.717e-05,5.836e-05,2.98e-06,4.06e-06,3.25e-06,8e-08,2.173e-05,3.49e-06
716,4.875e-05,7.251e-05,2.83e-06,4.2e-06,3.28e-06,9e-08,2.72e-05,3.69e-06
717,4.128e-05,8.747e-05,2.8e-06,4.47e-06,3.3e-06,9e-08,3.445e-05,5.52e-06
718,3.554e-05,0.00010193,2.84e-06,4.86e-06,3.35e-06,9e-08,4.418e-05,1.077e-05
719,3.144e-05,0.00011379,2.91e-06,5.31e-06,3.46e-06,9e-08,5.767e-05,1.752e-05
720,2.876e-05,0.00012125,2.99e-06,5.74e-06,3.55e-06,9e-08,7.658e-05,2.782e-05
721,2.725e-05,0.00012252,3.03e-06,6.04e-06,3.62e-06,9e-08,0.00010292,4.461e-05
722,2.67e-05,0.00011751,3.02e-06,6.07e-06,3.69e-06,9e-08,0.00014096,7.285e-05
723,2.708e-05,0.0001083,2.95e-06,5.78e-06,3.77e-06,8e-08,0.00019728,0.0001169
724,2.834e-05,9.748e-05,2.83e-06,5.19e-06,3.87e-06,8e-08,0.00028214,0.00016675
725,3.073e-05,8.75e-05,2.69e-06,4.42e-06,3.9e-06,8e-08,0.00041449,0.00018452
726,3.447e-05,7.892e-05,2.55e-06,3.59e-06,3.88e-06,7e-08,0.00062467,0.00015267
727,4.021e-05,7.215e-05,2.45e-06,2.82e-06,3.8e-06,7e-08,0.00097284,0.00013453
728,4.896e-05,6.68e-05,2.43e-06,2.18e-06,3.59e-06,6e-08,0.00156938,0.00016339
729,6.238e-05,6.251e-05,2.53e-06,1.66e-06,3.28e-06,5e-08,0.0026306,0.00015583
730,8.304e-05,5.928e-05,2.78e-06,1.28e-06,2.95e-06,4e-08,0.00462245,0.00014758
731,0.00011374,5.7e-05,3.25e-06,1.01e-06,2.6e-06,3e-08,0.00858176,0.00014127
732,0.00015759,5.553e-05,4.04e-06,8.2e-07,2.25e-06,3e-08,0.01699057,0.00013841
733,0.00021497,5.507e-05,5.27e-06,7e-07,1.96e-06,2e-08,0.03648297,0.00013948
734,0.0002723,5.567e-05,7.07e-06,6.2e-07,1.69e-06,2e-08,0.08622606,0.00014482
735,0.00030781,5.734e-05,9.51e-06,5.7e-07,1.46e-06,1e-08,0.22232074,0.00015645
736,0.00031283,6.059e-05,1.268e-05,5.5e-07,1.29e-06,1e-08,0.5512901,0.00017866
737,0.00029043,6.55e-05,1.627e-05,5.5e-07,1.16e-06,1e-08,0.92570645,0.00028325
738,0.00025203,7.266e-05,1.95e-05,5.6e-07,1.05e-06,1e-08,1.0,0.00057105
739,0.00021012,8.221e-05,2.156e-05,5.9e-07,9.8e-07,1e-08,0.9507777,0.00102782
740,0.00017559,9.486e-05,2.229e-05,6.2e-07,9.2e-07,0.0,0.9310359,0.00198937
741,0.00015165,0.00011041,2.152e-05,6.5e-07,8.8e-07,0.0,0.9386382,0.00439529
742,0.00013755,0.00012859,1.938e-05,6.6e-07,8.6e-07,0.0,0.9460082,0.00890958
743,0.00013159,0.00014897,1.645e-05,6.6e-07,8.5e-07,0.0,0.93714106,0.01006768
744,0.00013242,0.00017123,1.343e-05,6.4e-07,8.6e-07,0.0,0.9181126,0.00376898
745,0.00013852,0.00019409,1.079e-05,6e-07,8.7e-07,0.0,0.9003166,0.00143591
746,0.00015001,0.0002177,8.83e-06,5.6e-07,9.1e-07,0.0,0.90032774,0.00081927
747,0.00016477,0.0002385,7.46e-06,5.1e-07,9.6e-07,0.0,0.90885514,0.00060366
748,0.00018054,0.00025518,6.6e-06,4.3e-07,1.02e-06,0.0,0.91617984,0.00063207
749,0.00019323,0.00026569,6.1e-06,3.4e-07,1.09e-06,0.0,0.9081546,0.00053922
750,0.00020012,0.00027178,5.91e-06,2.6e-07,1.18e-06,0.0,0.8932195,0.00045573
751,0.00019867,0.00027389,5.93e-06,2e-07,1.29e-06,0.0,0.8821176,0.00038579
752,0.00019067,0.00027551,6.11e-06,1.6e-07,1.41e-06,0.0,0.8772457,0.00032776
753,0.00017948,0.00027803,6.34e-06,1.2e-07,1.55e-06,0.0,0.7988506,0.00027981
754,0.00016862,0.00028344,6.49e-06,1e-07,1.72e-06,0.0,0.5413723,0.0002408
755,0.00016076,0.00029473,6.5e-06,8e-08,1.91e-06,0.0,0.26318645,0.0002086
756,0.00015601,0.00031339,6.29e-06,7e-08,2.14e-06,0.0,0.11218464,0.00018231
757,0.00015263,0.00034132,5.85e-06,6e-08,2.42e-06,0.0,0.04886899,0.00016702
758,0.00014821,0.00037947,5.15e-06,5e-08,2.74e-06,0.0,0.02277135,0.00016614
759,0.00014348,0.00043142,4.28e-06,4e-08,3.16e-06,0.0,0.01140987,0.00015919
760,0.00013947,0.00049807,3.38e-06,4e-08,3.67e-06,0.0,0.00607768,0.00015165
761,0.00013579,0.00058111,2.58e-06,3e-08,4.35e-06,0.0,0.00341726,0.00014393
762,0.00013025,0.00067644,1.95e-06,3e-08,5.24e-06,0.0,0.00201174,0.00013627
763,0.00012152,0.00077592,1.49e-06,3e-08,6.45e-06,0.0,0.00123146,0.0001292
764,0.00011062,0.00087114,1.17e-06,3e-08,8.14e-06,0.0,0.00078179,0.00012224
765,9.852e-05,0.00094252,9.5e-07,3e-08,1.055e-05,0.0,0.0005107,0.00011613
766,8.658e-05,0.0009746,8.1e-07,3e-08,1.415e-05,0.0,0.00034399,0.00011057
767,7.515e-05,0.00095569,7.2e-07,3e-08,1.97e-05,0.0,0.00023781,0.00010673
768,6.426e-05,0.00089016,6.8e-07,3e-08,2.866e-05,0.0,0.00016842,0.00010557
769,5.411e-05,0.00079645,6.7e-07,3e-08,4.396e-05,0.0,0.00012219,0.00010383
770,4.506e-05,0.00069947,7e-07,3e-08,7.174e-05,0.0,9.062e-05,0.00010222
771,3.747e-05,0.00061232,7.6e-07,3e-08,0.00012564,0.0,6.866e-05,0.00010069
772,3.146e-05,0.00053377,8.6e-07,4e-08,0.00023501,0.0,5.305e-05,9.911e-05
773,2.68e-05,0.00046349,9.8e-07,4e-08,0.00044403,0.0,4.167e-05,9.824e-05
774,2.339e-05,0.00040791,1.13e-06,4e-08,0.0007351,0.0,3.344e-05,9.722e-05
775,2.087e-05,0.00036331,1.29e-06,4e-08,0.00089526,0.0,2.721e-05,9.658e-05
776,1.908e-05,0.00032894,1.47e-06,4e-08,0.00078518,0.0,2.247e-05,9.628e-05
777,1.792e-05,0.00030137,1.64e-06,5e-08,0.00062028,1e-08,1.883e-05,9.567e-05
778,1.722e-05,0.00027717,1.76e-06,5e-08,0.00052263,1e-08,1.601e-05,9.477e-05
779,1.696e-05,0.00025587,1.83e-06,5e-08,0.00047787,1e-08,1.368e-05,9.41e-05
780,1.698e-05,0.00023539,1.81e-06,4e-08,0.00046555,1e-08,1.185e-05,9.413e-05
781,1.735e-05,0.00021706,1.7e-06,4e-08,0.00047983,2e-08,1.034e-05,9.44e-05
782,1.793e-05,0.00019871,1.48e-06,4e-08,0.00051099,2e-08,9.03e-06,9.514e-05
783,1.869e-05,0.00018068,1.21e-06,4e-08,0.00055262,3e-08,7.96e-06,9.6e-05
784,1.945e-05,0.00016214,9.4e-07,4e-08,0.0005895,4e-08,7.04e-06,9.736e-05
785,2.016e-05,0.00014406,7.2e-07,3e-08,0.00060668,7e-08,6.23e-06,9.887e-05
786,2.059e-05,0.00012618,5.4e-07,3e-08,0.00058771,1e-07,5.53e-06,0.00010083
787,2.065e-05,0.00010946,4.1e-07,3e-08,0.00053513,1.6e-07,4.88e-06,0.00010282
788,2.028e-05,9.435e-05,3.1e-07,3e-08,0.00046392,2.8e-07,4.28e-06,0.00010454
789,1.944e-05,8.11e-05,2.4e-07,2e-08,0.00039152,5.1e-07,3.83e-06,0.00010656
790,1.82e-05,6.976e-05,1.9e-07,2e-08,0.00032845,1.04e-06,3.37e-06,0.00010959
791,1.678e-05,6.063e-05,1.5e-07,2e-08,0.00027959,2.66e-06,3e-06,0.00011256
792,1.521e-05,5.299e-05,1.2e-07,2e-08,0.00024167,9.64e-06,2.63e-06,0.00011623
793,1.37e-05,4.702e-05,1e-07,2e-08,0.00021462,3.825e-05,2.34e-06,0.00012051
794,1.234e-05,4.239e-05,9e-08,2e-08,0.00019587,5.504e-05,2.12e-06,0.00012501
795,1.112e-05,3.873e-05,8e-08,2e-08,0.00018326,1.266e-05,1.86e-06,0.00013048
796,1.013e-05,3.612e-05,8e-08,2e-08,0.00017682,7.98e-06,1.66e-06,0.00013668
797,9.33e-06,3.429e-05,8e-08,3e-08,0.00017506,6.22e-06,1.52e-06,0.0001431
798,8.72e-06,3.313e-05,8e-08,3e-08,0.00017734,5.79e-06,1.35e-06,0.00014941
799,8.27e-06,3.254e-05,8e-08,3e-08,0.00018268,6.24e-06,1.23e-06,0.00015689
800,7.97e-06,3.246e-05,9e-08,4e-08,0.00018942,7.69e-06,1.11e-06,0.00016529
801,7.8e-06,3.281e-05,9e-08,5e-08,0.00019466,1.101e-05,9.9e-07,0.00017477
802,7.75e-06,3.357e-05,9e-08,7e-08,0.00019479,1.92e-05,8.9e-07,0.00018563
803,7.82e-06,3.467e-05,1e-07,9e-08,0.00018648,4.441e-05,8.1e-07,0.00019796
804,7.99e-06,3.606e-05,1e-07,1.3e-07,0.00016922,0.00012215,7.1e-07,0.00021221
805,8.26e-06,3.771e-05,1e-07,1.9e-07,0.0001462,0.00019014,6.4e-07,0.0002283
806,8.63e-06,3.948e-05,1e-07,2.9e-07,0.00012191,5.156e-05,5.7e-07,0.00024644
807,9.08e-06,4.126e-05,9e-08,4.5e-07,9.995e-05,2.351e-05,5.1e-07,0.00026676
808,9.61e-06,4.299e-05,8e-08,7.2e-07,8.201e-05,1.434e-05,4.4e-07,0.0002891
809,1.021e-05,4.453e-05,8e-08,1.15e-06,6.801e-05,1.024e-05,3.9e-07,0.00031489
810,1.088e-05,4.579e-05,7e-08,1.83e-06,5.736e-05,8.22e-06,3.3e-07,0.00034441
811,1.158e-05,4.663e-05,6e-08,2.84e-06,4.927e-05,7.22e-06,2.8e-07,0.00037856
812,1.233e-05,4.698e-05,6e-08,4.28e-06,4.317e-05,6.82e-06,2.5e-07,0.0004177
813,1.308e-05,4.672e-05,5e-08,6.16e-06,3.851e-05,6.86e-06,2.1e-07,0.00046422
814,1.388e-05,4.6e-05,5e-08,8.38e-06,3.505e-05,7.33e-06,1.9e-07,0.00051654
815,1.464e-05,4.451e-05,5e-08,1.064e-05,3.226e-05,8.24e-06,1.7e-07,0.00057819
816,1.541e-05,4.258e-05,5e-08,1.265e-05,3.01e-05,9.78e-06,1.5e-07,0.00065096
817,1.62e-05,4.031e-05,5e-08,1.406e-05,2.839e-05,1.233e-05,1.3e-07,0.00073631
818,1.702e-05,3.78e-05,5e-08,1.458e-05,2.697e-05,1.66e-05,1.2e-07,0.00083584
819,1.79e-05,3.518e-05,6e-08,1.412e-05,2.572e-05,2.416e-05,1e-07,0.00095319
820,1.886e-05,3.254e-05,6e-08,1.266e-05,2.455e-05,3.841e-05,1e-07,0.00109383
821,1.997e-05,3.004e-05,6e-08,1.049e-05,2.345e-05,6.466e-05,9e-08,0.00126255
822,2.129e-05,2.772e-05,7e-08,8.13e-06,2.238e-05,9.59e-05,8e-08,0.0014645
823,2.288e-05,2.559e-05,7e-08,6.03e-06,2.132e-05,8.432e-05,8e-08,0.00171067
824,2.484e-05,2.372e-05,8e-08,4.39e-06,2.032e-05,4.421e-05,7e-08,0.00200877
825,2.723e-05,2.206e-05,9e-08,3.19e-06,1.937e-05,2.287e-05,7e-08,0.00237466
826,3.01e-05,2.062e-05,1e-07,2.35e-06,1.852e-05,1.321e-05,7e-08,0.00282666
827,3.348e-05,1.941e-05,1.2e-07,1.78e-06,1.781e-05,8.35e-06,7e-08,0.00338179
828,3.717e-05,1.835e-05,1.3e-07,1.4e-06,1.721e-05,5.66e-06,7e-08,0.0040862
829,4.112e-05,1.752e-05,1.5e-07,1.14e-06,1.683e-05,4.07e-06,7e-08,0.00496338
830,4.482e-05,1.681e-05,1.7e-07,9.5e-07,1.659e-05,3.06e-06,7e-08,0.00608541
831,4.793e-05,1.627e-05,1.9e-07,8.3e-07,1.658e-05,2.41e-06,7e-08,0.00751556
832,4.995e-05,1.585e-05,2.1e-07,7.5e-07,1.676e-05,1.96e-06,7e-08,0.00937142
833,5.061e-05,1.558e-05,2.3e-07,7e-07,1.718e-05,1.66e-06,8e-08,0.01177818
834,4.971e-05,1.541e-05,2.5e-07,6.6e-07,1.783e-05,1.44e-06,8e-08,0.01496212
835,4.745e-05,1.537e-05,2.7e-07,6.5e-07,1.878e-05,1.29e-06,9e-08,0.01917435
836,4.41e-05,1.543e-05,2.9e-07,6.5e-07,2.002e-05,1.18e-06,9e-08,0.02481095
837,4.009e-05,1.557e-05,3e-07,6.5e-07,2.16e-05,1.11e-06,1e-07,0.03244203
838,3.586e-05,1.58e-05,3.1e-07,6.6e-07,2.356e-05,1.07e-06,1.1e-07,0.0430401
839,3.192e-05,1.618e-05,3.2e-07,6.8e-07,2.605e-05,1.06e-06,1.3e-07,0.05759307
840,2.834e-05,1.661e-05,3.3e-07,6.9e-07,2.896e-05,1.08e-06,1.4e-07,0.07784445
841,2.523e-05,1.711e-05,3.4e-07,7e-07,3.239e-05,1.11e-06,1.6e-07,0.10639985
842,2.268e-05,1.77e-05,3.6e-07,7e-07,3.641e-05,1.17e-06,1.8e-07,0.14664544
843,2.064e-05,1.837e-05,3.9e-07,6.9e-07,4.103e-05,1.27e-06,2e-07,0.20275296
844,1.905e-05,1.909e-05,4.2e-07,6.7e-07,4.617e-05,1.4e-06,2.3e-07,0.27990395
845,1.785e-05,1.988e-05,4.7e-07,6.4e-07,5.189e-05,1.59e-06,2.7e-07,0.381736
846,1.7e-05,2.074e-05,5.3e-07,6e-07,5.809e-05,1.83e-06,3.1e-07,0.5065338
847,1.642e-05,2.16e-05,6e-07,5.5e-07,6.464e-05,2.16e-06,3.6e-07,0.64510953
848,1.611e-05,2.251e-05,7e-07,5.1e-07,7.164e-05,2.6e-06,4.1e-07,0.7792026
849,1.605e-05,2.349e-05,8.2e-07,4.6e-07,7.918e-05,3.21e-06,4.8e-07,0.88745815
850,1.622e-05,2.453e-05,9.6e-07,4.2e-07,8.727e-05,4.05e-06,5.6e-07,0.95741224
851,1.664e-05,2.563e-05,1.11e-06,3.8e-07,9.608e-05,5.21e-06,6.5e-07,0.9914536
852,1.733e-05,2.687e-05,1.26e-06,3.5e-07,0.0001059,6.85e-06,7.6e-07,1.0
853,1.832e-05,2.83e-05,1.39e-06,3.2e-07,0.00011698,9.22e-06,8.9e-07,0.9957914
854,1.971e-05,2.999e-05,1.52e-06,3e-07,0.00012952,1.266e-05,1.05e-06,0.98269475
855,2.147e-05,3.184e-05,1.61e-06,2.9e-07,0.00014281,1.762e-05,1.23e-06,0.97071856
856,2.373e-05,3.405e-05,1.64e-06,2.7e-07,0.00015714,2.486e-05,1.45e-06,0.9623329
857,2.668e-05,3.666e-05,1.61e-06,2.7e-07,0.00017175,3.535e-05,1.73e-06,0.9555463
858,3.04e-05,3.962e-05,1.53e-06,2.6e-07,0.00018475,5.009e-05,2.07e-06,0.9525265
859,3.517e-05,4.308e-05,1.42e-06,2.6e-07,0.00019464,7.009e-05,2.51e-06,0.9489846
860,4.118e-05,4.701e-05,1.28e-06,2.6e-07,0.00019853,9.529e-05,3.07e-06,0.9438285
861,4.863e-05,5.147e-05,1.14e-06,2.6e-07,0.0001946,0.00012406,3.79e-06,0.94679767
862,5.855e-05,5.711e-05,9.9e-07,2.6e-07,0.00018453,0.00015396,4.82e-06,0.9480831
863,7.143e-05,6.339e-05,8.3e-07,2.6e-07,0.00016766,0.00015957,6.26e-06,0.94794714
864,8.816e-05,7.016e-05,6.8e-07,2.6e-07,0.0001467,7.16e-06,8.37e-06,0.9453594
865,0.00011004,7.718e-05,5.4e-07,2.6e-07,0.00012448,0.00021629,1.158e-05,0.94113415
866,0.00013917,8.445e-05,4.3e-07,2.6e-07,0.00010351,0.00019254,1.672e-05,0.9340641
867,0.00017844,9.178e-05,3.5e-07,2.5e-07,8.502e-05,0.00017837,2.543e-05,0.9242481
868,0.00023239,9.886e-05,2.9e-07,2.5e-07,6.949e-05,0.00016097,4.125e-05,0.9125255
869,0.00030831,0.00010512,2.5e-07,2.4e-07,5.69e-05,0.00014384,7.242e-05,0.8994466
870,0.0004158,0.00010987,2.2e-07,2.3e-07,4.687e-05,0.00012858,0.00013807,0.8858678
871,0.00055814,0.00011268,1.9e-07,2.2e-07,3.896e-05,0.00011579,0.0002644,0.87302035
872,0.00072078,0.00011364,1.7e-07,2.1e-07,3.275e-05,0.00010541,0.00037729,0.86210656
873,0.00088359,0.00011304,1.6e-07,2e-07,2.789e-05,9.727e-05,0.00032845,0.85423774
874,0.00103619,0.00011111,1.4e-07,1.8e-07,2.41e-05,9.095e-05,0.00023214,0.85083336
875,0.00116781,0.00010796,1.3e-07,1.7e-07,2.113e-05,8.624e-05,0.00016866,0.8516758
876,0.00124004,0.00010359,1.2e-07,1.6e-07,1.88e-05,8.273e-05,0.00013343,0.8572478
877,0.00120426,9.854e-05,1.1e-07,1.5e-07,1.699e-05,8.031e-05,0.00011472,0.86635506
878,0.00105836,9.345e-05,1e-07,1.5e-07,1.559e-05,7.877e-05,0.00010591,0.87597215
879,0.00085616,8.859e-05,9e-08,1.4e-07,1.453e-05,7.797e-05,0.00010393,0.8789706
880,0.00065717,8.385e-05,8e-08,1.3e-07,1.375e-05,7.784e-05,0.00010762,0.86566275
881,0.00049158,7.916e-05,8e-08,1.3e-07,1.322e-05,7.836e-05,0.00011699,0.82324773
882,0.00036351,7.474e-05,7e-08,1.2e-07,1.289e-05,7.94e-05,0.00013281,0.74438787
883,0.00026841,7.087e-05,6e-08,1.2e-07,1.274e-05,8.1e-05,0.00015683,0.6329903
884,0.00020051,6.75e-05,6e-08,1.2e-07,1.278e-05,8.307e-05,0.00019156,0.50602555
885,0.0001535,6.457e-05,6e-08,1.1e-07,1.297e-05,8.56e-05,0.00023978,0.38469335
886,0.00012126,6.222e-05,5e-08,1.1e-07,1.332e-05,8.849e-05,0.00030299,0.28313214
887,9.895e-05,6.069e-05,5e-08,1.1e-07,1.382e-05,9.165e-05,0.00037765,0.20501588
888,8.316e-05,6.005e-05,5e-08,1.1e-07,1.444e-05,9.482e-05,0.00045066,0.1479884
889,7.181e-05,6.036e-05,5e-08,1.1e-07,1.519e-05,9.782e-05,0.0005032,0.10739246
890,6.352e-05,6.153e-05,5e-08,1.1e-07,1.602e-05,0.00010022,0.00052312,0.07862188
891,5.737e-05,6.342e-05,5e-08,1.1e-07,1.689e-05,0.0001016,0.00051484,0.05821581
892,5.277e-05,6.593e-05,5e-08,1.1e-07,1.773e-05,0.00010156,0.00049306,0.04365979
893,4.934e-05,6.896e-05,5e-08,1.2e-07,1.85e-05,9.985e-05,0.00047088,0.03316335
894,4.681e-05,7.239e-05,6e-08,1.2e-07,1.914e-05,9.638e-05,0.00045542,0.02550039
895,4.495e-05,7.602e-05,6e-08,1.3e-07,1.961e-05,9.126e-05,0.00044945,0.01984214
896,4.361e-05,7.963e-05,7e-08,1.5e-07,1.989e-05,8.485e-05,0.00045376,0.01561126
897,4.262e-05,8.288e-05,7e-08,1.6e-07,2.002e-05,7.76e-05,0.00046799,0.01241626
898,4.188e-05,8.544e-05,8e-08,1.8e-07,2.004e-05,7.003e-05,0.00049145,0.00997934
899,4.131e-05,8.698e-05,8e-08,2.1e-07,2.001e-05,6.263e-05,0.0005229,0.00809164
900,4.075e-05,8.716e-05,9e-08,2.5e-07,1.998e-05,5.559e-05,0.00055942,0.0066243
901,4.015e-05,8.604e-05,9e-08,3.1e-07,2.002e-05,4.921e-05,0.00059811,0.00546814
902,3.939e-05,8.362e-05,9e-08,3.8e-07,2.016e-05,4.354e-05,0.00063344,0.00455113
903,3.843e-05,8.011e-05,9e-08,4.8e-07,2.043e-05,3.861e-05,0.00065895,0.00381645
904,3.72e-05,7.575e-05,9e-08,6.1e-07,2.083e-05,3.436e-05,0.0006667,0.00322153
905,3.565e-05,7.08e-05,9e-08,7.9e-07,2.133e-05,3.074e-05,0.0006489,0.00273927
906,3.384e-05,6.561e-05,9e-08,1.01e-06,2.192e-05,2.771e-05,0.00060246,0.0023431
907,3.179e-05,6.033e-05,8e-08,1.29e-06,2.248e-05,2.515e-05,0.00053003,0.00201569
908,2.955e-05,5.513e-05,8e-08,1.62e-06,2.289e-05,2.301e-05,0.0004422,0.00174443
909,2.723e-05,5.017e-05,7e-08,1.98e-06,2.301e-05,2.124e-05,0.00035279,0.00151727
910,2.491e-05,4.552e-05,7e-08,2.36e-06,2.269e-05,1.98e-05,0.00027225,0.00132492
911,2.266e-05,4.122e-05,6e-08,2.75e-06,2.187e-05,1.861e-05,0.00020552,0.0011632
912,2.055e-05,3.742e-05,5e-08,3.15e-06,2.059e-05,1.767e-05,0.0001534,0.00102541
913,1.863e-05,3.408e-05,5e-08,3.55e-06,1.894e-05,1.694e-05,0.00011382,0.00090769
914,1.691e-05,3.121e-05,4e-08,3.89e-06,1.712e-05,1.639e-05,8.441e-05,0.00080594
915,1.539e-05,2.874e-05,4e-08,4.11e-06,1.527e-05,1.599e-05,6.282e-05,0.00071834
916,1.407e-05,2.667e-05,4e-08,4.16e-06,1.356e-05,1.576e-05,4.719e-05,0.00064178
917,1.293e-05,2.493e-05,3e-08,4e-06,1.204e-05,1.565e-05,3.589e-05,0.00057533
918,1.197e-05,2.35e-05,3e-08,3.68e-06,1.073e-05,1.566e-05,2.774e-05,0.00051698
919,1.115e-05,2.232e-05,3e-08,3.34e-06,9.63e-06,1.579e-05,2.182e-05,0.00046571
920,1.047e-05,2.138e-05,3e-08,3.02e-06,8.75e-06,1.605e-05,1.748e-05,0.00042071
921,9.92e-06,2.064e-05,2e-08,2.66e-06,8.04e-06,1.642e-05,1.427e-05,0.00038075
922,9.46e-06,2.007e-05,2e-08,2.28e-06,7.48e-06,1.69e-05,1.186e-05,0.00034543
923,9.11e-06,1.968e-05,2e-08,1.89e-06,7.07e-06,1.749e-05,1.004e-05,0.00031372
924,8.83e-06,1.941e-05,2e-08,1.52e-06,6.76e-06,1.82e-05,8.64e-06,0.00028558
925,8.64e-06,1.928e-05,2e-08,1.17e-06,6.56e-06,1.906e-05,7.56e-06,0.00026042
926,8.51e-06,1.927e-05,2e-08,8.9e-07,6.47e-06,2.005e-05,6.73e-06,0.00023793
927,8.46e-06,1.939e-05,2e-08,6.7e-07,6.47e-06,2.122e-05,6.07e-06,0.00021785
928,8.48e-06,1.963e-05,3e-08,5.1e-07,6.59e-06,2.258e-05,5.57e-06,0.00019975
929,8.56e-06,1.998e-05,3e-08,3.9e-07,6.8e-06,2.414e-05,5.18e-06,0.00018354
930,8.72e-06,2.045e-05,3e-08,3e-07,7.14e-06,2.6e-05,4.89e-06,0.00016902
931,8.95e-06,2.105e-05,3e-08,2.4e-07,7.63e-06,2.819e-05,4.67e-06,0.00015591
932,9.26e-06,2.176e-05,3e-08,1.9e-07,8.29e-06,3.079e-05,4.53e-06,0.00014421
933,9.67e-06,2.261e-05,4e-08,1.6e-07,9.18e-06,3.398e-05,4.45e-06,0.00013366
934,1.018e-05,2.359e-05,4e-08,1.3e-07,1.038e-05,3.788e-05,4.42e-06,0.00012419
935,1.08e-05,2.47e-05,5e-08,1.1e-07,1.199e-05,4.279e-05,4.44e-06,0.00011571
936,1.156e-05,2.595e-05,5e-08,1e-07,1.418e-05,4.907e-05,4.52e-06,0.00010805
937,1.247e-05,2.732e-05,6e-08,8e-08,1.719e-05,5.726e-05,4.65e-06,0.00010125
938,1.358e-05,2.884e-05,7e-08,7e-08,2.144e-05,6.821e-05,4.82e-06,9.523e-05
939,1.491e-05,3.051e-05,8e-08,6e-08,2.756e-05,8.312e-05,5.05e-06,8.985e-05
940,1.651e-05,3.228e-05,9e-08,6e-08,3.652e-05,0.00010344,5.33e-06,8.503e-05
941,1.841e-05,3.414e-05,1.1e-07,5e-08,4.965e-05,0.00013027,5.65e-06,8.077e-05
942,2.069e-05,3.61e-05,1.3e-07,5e-08,6.833e-05,0.00016203,6.02e-06,7.698e-05
943,2.339e-05,3.807e-05,1.5e-07,5e-08,9.168e-05,0.0001885,6.4e-06,7.368e-05
944,2.659e-05,4.008e-05,1.7e-07,5e-08,0.00011306,0.00019107,6.78e-06,7.085e-05
945,3.037e-05,4.207e-05,1.9e-07,4e-08,0.00012023,0.00016173,7.14e-06,6.838e-05
946,3.478e-05,4.401e-05,2.2e-07,4e-08,0.00010811,0.00011891,7.45e-06,6.627e-05
947,3.985e-05,4.584e-05,2.5e-07,4e-08,8.657e-05,8.231e-05,7.66e-06,6.452e-05
948,4.561e-05,4.753e-05,2.8e-07,4e-08,6.683e-05,5.676e-05,7.75e-06,6.307e-05
949,5.2e-05,4.907e-05,3.1e-07,4e-08,5.214e-05,3.995e-05,7.74e-06,6.191e-05
950,5.886e-05,5.042e-05,3.4e-07,4e-08,4.175e-05,2.888e-05,7.6e-06,6.111e-05
951,6.598e-05,5.16e-05,3.7e-07,5e-08,3.441e-05,2.148e-05,7.38e-06,6.054e-05
952,7.3e-05,5.261e-05,4.1e-07,5e-08,2.916e-05,1.64e-05,7.1e-06,6.022e-05
953,7.947e-05,5.341e-05,4.4e-07,5e-08,2.531e-05,1.283e-05,6.79e-06,6.015e-05
954,8.502e-05,5.407e-05,4.7e-07,5e-08,2.245e-05,1.027e-05,6.48e-06,6.034e-05
955,8.938e-05,5.462e-05,5.1e-07,6e-08,2.029e-05,8.39e-06,6.18e-06,6.073e-05
956,9.24e-05,5.509e-05,5.4e-07,6e-08,1.864e-05,6.98e-06,5.92e-06,6.131e-05
957,9.407e-05,5.548e-05,5.8e-07,7e-08,1.734e-05,5.91e-06,5.68e-06,6.202e-05
958,9.466e-05,5.588e-05,6.2e-07,7e-08,1.633e-05,5.09e-06,5.48e-06,6.285e-05
959,9.443e-05,5.628e-05,6.7e-07,8e-08,1.552e-05,4.45e-06,5.32e-06,6.377e-05
960,9.382e-05,5.678e-05,7.1e-07,8e-08,1.487e-05,3.94e-06,5.19e-06,6.472e-05
961,9.323e-05,5.741e-05,7.6e-07,9e-08,1.434e-05,3.55e-06,5.09e-06,6.561e-05
962,9.299e-05,5.818e-05,8.1e-07,9e-08,1.39e-05,3.23e-06,5.02e-06,6.635e-05
963,9.34e-05,5.917e-05,8.6e-07,1e-07,1.353e-05,2.99e-06,4.96e-06,6.69e-05
964,9.47e-05,6.041e-05,9.1e-07,1e-07,1.322e-05,2.8e-06,4.93e-06,6.72e-05
965,9.707e-05,6.196e-05,9.5e-07,1.1e-07,1.296e-05,2.65e-06,4.89e-06,6.708e-05
966,0.00010062,6.384e-05,9.9e-07,1.1e-07,1.272e-05,2.54e-06,4.86e-06,6.66e-05
967,0.00010549,6.613e-05,1.03e-06,1.2e-07,1.252e-05,2.47e-06,4.82e-06,6.563e-05
968,0.00011177,6.889e-05,1.06e-06,1.3e-07,1.235e-05,2.42e-06,4.76e-06,6.412e-05
969,0.00011946,7.218e-05,1.1e-06,1.3e-07,1.221e-05,2.41e-06,4.68e-06,6.222e-05
970,0.00012873,7.619e-05,1.13e-06,1.4e-07,1.211e-05,2.42e-06,4.57e-06,5.979e-05
971,0.00013932,8.089e-05,1.16e-06,1.5e-07,1.205e-05,2.46e-06,4.44e-06,5.699e-05
972,0.00015114,8.654e-05,1.18e-06,1.5e-07,1.203e-05,2.53e-06,4.28e-06,5.387e-05
973,0.00016368,9.325e-05,1.18e-06,1.6e-07,1.205e-05,2.64e-06,4.1e-06,5.052e-05
974,0.00017619,0.00010122,1.18e-06,1.7e-07,1.212e-05,2.78e-06,3.91e-06,4.707e-05
975,0.00018772,0.0001108,1.17e-06,1.8e-07,1.226e-05,2.96e-06,3.72e-06,4.359e-05
976,0.00019705,0.00012227,1.15e-06,1.8e-07,1.246e-05,3.19e-06,3.52e-06,4.017e-05
977,0.00020295,0.00013604,1.13e-06,1.9e-07,1.274e-05,3.49e-06,3.33e-06,3.69e-05
978,0.00020458,0.00015268,1.11e-06,1.9e-07,1.31e-05,3.85e-06,3.15e-06,3.377e-05
979,0.00020145,0.00017269,1.08e-06,2e-07,1.355e-05,4.31e-06,2.99e-06,3.087e-05
980,0.00019399,0.00019683,1.05e-06,2e-07,1.41e-05,4.88e-06,2.85e-06,2.816e-05
981,0.00018317,0.00022573,1.01e-06,2e-07,1.477e-05,5.59e-06,2.72e-06,2.569e-05
982,0.00017045,0.00026011,9.6e-07,2e-07,1.558e-05,6.48e-06,2.61e-06,2.343e-05
983,0.00015715,0.00030033,9.2e-07,2e-07,1.653e-05,7.6e-06,2.52e-06,2.138e-05
984,0.00014426,0.0003464,9e-07,2e-07,1.767e-05,9.01e-06,2.45e-06,1.954e-05
985,0.00013248,0.00039826,8.8e-07,2e-07,1.899e-05,1.078e-05,2.4e-06,1.791e-05
986,0.0001222,0.00045572,8.8e-07,1.9e-07,2.055e-05,1.302e-05,2.37e-06,1.647e-05
987,0.00011352,0.00051813,9e-07,1.9e-07,2.238e-05,1.581e-05,2.35e-06,1.52e-05
988,0.00010632,0.0005838,9.3e-07,1.8e-07,2.45e-05,1.927e-05,2.35e-06,1.409e-05
989,0.00010056,0.00065093,9.8e-07,1.8e-07,2.698e-05,2.348e-05,2.37e-06,1.311e-05
990,9.608e-05,0.0007165,1.05e-06,1.7e-07,2.983e-05,2.845e-05,2.42e-06,1.227e-05
991,9.278e-05,0.00077771,1.13e-06,1.7e-07,3.31e-05,3.412e-05,2.48e-06,1.154e-05
992,9.056e-05,0.00083168,1.24e-06,1.6e-07,3.68e-05,4.026e-05,2.56e-06,1.09e-05
993,8.928e-05,0.00087553,1.37e-06,1.6e-07,4.088e-05,4.646e-05,2.68e-06,1.035e-05
994,8.899e-05,0.00090891,1.54e-06,1.5e-07,4.536e-05,5.227e-05,2.82e-06,9.88e-06
995,8.956e-05,0.00092963,1.75e-06,1.4e-07,5e-05,5.707e-05,3e-06,9.49e-06
996,9.111e-05,0.00093916,2.01e-06,1.3e-07,5.465e-05,6.042e-05,3.22e-06,9.16e-06
997,9.351e-05,0.00093637,2.32e-06,1.3e-07,5.883e-05,6.185e-05,3.48e-06,8.88e-06
998,9.679e-05,0.000924,2.68e-06,1.2e-07,6.215e-05,6.125e-05,3.8e-06,8.66e-06
999,0.00010103,0.00090512,3.1e-06,1.1e-07,6.418e-05,5.876e-05,4.2e-06,8.19e-06
