SR_WL,stdev_B1,stdev_B2,stdev_B3,stdev_B4,stdev_B5,stdev_B6,stdev_B7,stdev_B8,stdev_B9
350,0.0,0.0,0.0,0.0,0.0,0.0,0.0,0.0,0.0
351,0.0,0.0,0.0,0.0,0.0,0.0,0.0,0.0,0.0
352,0.0,0.0,0.0,0.0,0.0,0.0,0.0,0.0,0.0
353,0.0,0.0,0.0,0.0,0.0,0.0,0.0,0.0,0.0
354,0.0,0.0,0.0,0.0,0.0,0.0,0.0,0.0,0.0
355,0.0,0.0,0.0,0.0,0.0,0.0,0.0,0.0,0.0
356,0.0,0.0,0.0,0.0,0.0,0.0,0.0,0.0,0.0
357,0.0,0.0,0.0,0.0,0.0,0.0,0.0,0.0,0.0
358,0.0,0.0,0.0,0.0,0.0,0.0,0.0,0.0,0.0
359,0.0,0.0,0.0,0.0,0.0,0.0,0.0,0.0,0.0
360,0.0,0.0,0.0,0.0,0.0,0.0,0.0,0.0,0.0
361,0.0,0.0,0.0,0.0,0.0,0.0,0.0,0.0,0.0
362,0.0,0.0,0.0,0.0,0.0,0.0,0.0,0.0,0.0
363,0.0,0.0,0.0,0.0,0.0,0.0,0.0,0.0,0.0
364,0.0,0.0,0.0,0.0,0.0,0.0,0.0,0.0,0.0
365,0.0,0.0,0.0,0.0,0.0,0.0,0.0,0.0,0.0
366,0.0,0.0,0.0,0.0,0.0,0.0,0.0,0.0,0.0
367,0.0,0.0,0.0,0.0,0.0,0.0,0.0,0.0,0.0
368,0.0,0.0,0.0,0.0,0.0,0.0,0.0,0.0,0.0
369,0.0,0.0,0.0,0.0,0.0,0.0,0.0,0.0,0.0
370,0.0,0.0,0.0,0.0,0.0,0.0,0.0,0.0,0.0
371,0.0,0.0,0.0,0.0,0.0,0.0,0.0,0.0,0.0
372,0.0,0.0,0.0,0.0,0.0,0.0,0.0,0.0,0.0
373,0.0,0.0,0.0,0.0,0.0,0.0,0.0,0.0,0.0
374,0.0,0.0,0.0,0.0,0.0,0.0,0.0,0.0,0.0
375,0.0,0.0,0.0,0.0,0.0,0.0,0.0,0.0,0.0
376,0.0,0.0,0.0,0.0,0.0,0.0,0.0,0.0,0.0
377,0.0,0.0,0.0,0.0,0.0,0.0,0.0,0.0,0.0
378,0.0,0.0,0.0,0.0,0.0,0.0,0.0,0.0,0.0
379,0.0,0.0,0.0,0.0,0.0,0.0,0.0,0.0,0.0
380,0.0,0.0,0.0,0.0,0.0,0.0,0.0,0.0,0.0
381,0.0,0.0,0.0,0.0,0.0,0.0,0.0,0.0,0.0
382,0.0,0.0,0.0,0.0,0.0,0.0,0.0,0.0,0.0
383,0.0,0.0,0.0,0.0,0.0,0.0,0.0,0.0,0.0
384,0.0,0.0,0.0,0.0,0.0,0.0,0.0,0.0,0.0
385,0.0,0.0,0.0,0.0,0.0,0.0,0.0,0.0,0.0
386,0.0,0.0,0.0,0.0,0.0,0.0,0.0,0.0,0.0
387,0.0,0.0,0.0,0.0,0.0,0.0,0.0,0.0,0.0
388,0.0,0.0,0.0,0.0,0.0,0.0,0.0,0.0,0.0
389,0.0,0.0,0.0,0.0,0.0,0.0,0.0,0.0,0.0
390,0.0,0.0,0.0,0.0,0.0,0.0,0.0,0.0,0.0
391,0.0,0.0,0.0,0.0,0.0,0.0,0.0,0.0,0.0
392,0.0,0.0,0.0,0.0,0.0,0.0,0.0,0.0,0.0
393,0.0,0.0,0.0,0.0,0.0,0.0,0.0,0.0,0.0
394,0.0,0.0,0.0,0.0,0.0,0.0,0.0,0.0,0.0
395,0.0,0.0,0.0,0.0,0.0,0.0,0.0,0.0,0.0
396,0.0,0.0,0.0,0.0,0.0,0.0,0.0,0.0,0.0
397,0.0,0.0,0.0,0.0,0.0,0.0,0.0,0.0,0.0
398,0.0,0.0,0.0,0.0,0.0,0.0,0.0,0.0,0.0
399,0.0,0.0,0.0,0.0,0.0,0.0,0.0,0.0,0.0
400,0.0,0.0,0.0,0.0,0.0,0.0,0.0,0.0,0.0
401,0.0,0.0,0.0,0.0,0.0,0.0,0.0,0.0,0.0
402,0.0,0.0,0.0,0.0,0.0,0.0,0.0,0.0,0.0
403,0.0,0.0,0.0,0.0,0.0,0.0,0.0,0.0,0.0
404,0.0,0.0,0.0,0.0,0.0,0.0,0.0,0.0,0.0
405,0.0,0.0,0.0,0.0,0.0,0.0,0.0,0.0,0.0
406,0.0,0.0,0.0,0.0,0.0,0.0,0.0,0.0,0.0
407,0.0,0.0,0.0,0.0,0.0,0.0,0.0,0.0,0.0
408,0.0,0.0,0.0,0.0,0.0,0.0,0.0,0.0,0.0
409,0.0,0.0,0.0,0.0,0.0,0.0,0.0,0.0,0.0
410,0.0,0.0,0.0,0.0,0.0,0.0,0.0,0.0,0.0
411,0.0,0.0,0.0,0.0,0.0,0.0,0.0,0.0,0.0
412,0.0,0.0,0.0,0.0,0.0,0.0,0.0,0.0,0.0
413,0.0,0.0,0.0,0.0,0.0,0.0,0.0,0.0,0.0
414,0.0,0.0,0.0,0.0,0.0,0.0,0.0,0.0,0.0
415,0.0,0.0,0.0,0.0,0.0,0.0,0.0,0.0,0.0
416,0.0,0.0,0.0,0.0,0.0,0.0,0.0,0.0,0.0
417,0.0,0.0,0.0,0.0,0.0,0.0,0.0,0.0,0.0
418,0.0,0.0,0.0,0.0,0.0,0.0,0.0,0.0,0.0
419,0.0,0.0,0.0,0.0,0.0,0.0,0.0,0.0,0.0
420,0.0,0.0,0.0,0.0,0.0,0.0,0.0,0.0,0.0
421,0.0,0.0,0.0,0.0,0.0,0.0,0.0,0.0,0.0
422,0.0,0.0,0.0,0.0,0.0,0.0,0.0,0.0,0.0
423,0.0,0.0,0.0,0.0,0.0,0.0,0.0,0.0,0.0
424,0.0,0.0,0.0,0.0,0.0,0.0,0.0,0.0,0.0
425,0.0,0.0,0.0,0.0,0.0,0.0,0.0,0.0,0.0
426,0.0,0.0,0.0,0.0,0.0,0.0,0.0,0.0,0.0
427,4.469e-05,0.0,0.0,0.0,0.0,0.0,0.0,0.0,0.0
428,6.838e-05,0.0,0.0,0.0,0.0,0.0,0.0,0.0,0.0
429,0.00026606,0.0,0.0,0.0,0.0,0.0,0.0,0.0,0.0
430,0.00050348,0.0,0.0,0.0,0.0,0.0,0.0,0.0,0.0
431,0.0016778,0.0,0.0,0.0,0.0,0.0,0.0,0.0,0.0
432,0.00513401,0.0,0.0,0.0,0.0,0.0,0.0,0.0,0.0
433,0.01813636,0.0,0.0,0.0,0.0,0.0,0.0,0.0,0.0
434,0.03781107,0.0,0.0,0.0,0.0,0.0,0.0,0.0,0.0
435,0.04564099,0.0,0.0,0.0,0.0,0.0,0.0,0.0,0.0
436,0.04749914,4.42e-06,0.0,0.0,0.0,0.0,0.0,0.0,0.0
437,0.01551657,6.11e-06,0.0,0.0,0.0,0.0,0.0,0.0,0.0
438,0.01285118,8.5e-06,0.0,0.0,0.0,0.0,0.0,0.0,0.0
439,0.02073366,1.24e-05,0.0,0.0,0.0,0.0,0.0,0.0,0.0
440,0.01937152,1.888e-05,0.0,0.0,0.0,0.0,0.0,0.0,0.0
441,0.00985695,3.05e-05,0.0,0.0,0.0,0.0,0.0,0.0,0.0
442,0.01004423,5.075e-05,0.0,0.0,0.0,0.0,0.0,0.0,0.0
443,0.0210157,8.752e-05,0.0,0.0,0.0,0.0,0.0,0.0,0.0
444,0.01785661,0.00016028,0.0,0.0,0.0,0.0,0.0,0.0,0.0
445,0.01161098,0.00042282,0.0,0.0,0.0,0.0,0.0,0.0,0.0
446,0.00892519,0.00065609,0.0,0.0,0.0,0.0,0.0,0.0,0.0
447,0.00460352,0.00117162,0.0,0.0,0.0,0.0,0.0,0.0,0.0
448,0.01799174,0.00248636,0.0,0.0,0.0,0.0,0.0,0.0,0.0
449,0.03148301,0.00639836,0.0,0.0,0.0,0.0,0.0,0.0,0.0
450,0.03073661,0.0144704,0.0,0.0,0.0,0.0,0.0,0.0,0.0
451,0.01792066,0.03216385,0.0,0.0,0.0,0.0,0.0,0.0,0.0
452,0.0076704,0.05206515,0.0,0.0,0.0,0.0,0.0,0.0,0.0
453,0.00369018,0.04723892,0.0,0.0,0.0,0.0,0.0,0.0,0.0
454,0.00215843,0.02017004,0.0,0.0,0.0,0.0,0.0,0.0,0.0
455,0.00135426,0.00513807,0.0,0.0,0.0,0.0,0.0,0.0,0.0
456,0.00073651,0.00899431,0.0,0.0,0.0,0.0,0.0,0.0,0.0
457,0.00044872,0.0095901,0.0,0.0,0.0,0.0,0.0,0.0,0.0
458,0.00020757,0.00835919,0.0,0.0,0.0,0.0,0.0,0.0,0.0
459,9.291e-05,0.00464124,0.0,0.0,0.0,0.0,0.0,0.0,0.0
460,0.0,0.00648731,0.0,0.0,0.0,0.0,0.0,0.0,0.0
461,0.0,0.01574977,0.0,0.0,0.0,0.0,0.0,0.0,0.0
462,0.0,0.02162892,0.0,0.0,0.0,0.0,0.0,0.0,0.0
463,0.0,0.02189738,0.0,0.0,0.0,0.0,0.0,0.0,0.0
464,0.0,0.01636066,0.0,0.0,0.0,0.0,0.0,0.0,0.0
465,0.0,0.00854374,0.0,0.0,0.0,0.0,0.0,0.0,0.0
466,0.0,0.00366563,0.0,0.0,0.0,0.0,0.0,0.0,0.0
467,0.0,0.00724549,0.0,0.0,0.0,0.0,0.0,0.0,0.0
468,0.0,0.00950573,0.0,0.0,0.0,0.0,0.0,0.0,0.0
469,0.0,0.01420496,0.0,0.0,0.0,0.0,0.0,0.0,0.0
470,0.0,0.01728345,0.0,0.0,0.0,0.0,0.0,0.0,0.0
471,0.0,0.01285951,0.0,0.0,0.0,0.0,0.0,0.0,0.0
472,0.0,0.00523313,0.0,0.0,0.0,0.0,0.0,0.0,0.0
473,0.0,0.01255132,0.0,0.0,0.0,0.0,0.0,0.0,0.0
474,0.0,0.01279903,0.0,0.0,0.0,0.0,0.0,0.0,0.0
475,0.0,0.00548119,0.0,0.0,0.0,0.0,0.0,0.0,0.0
476,0.0,0.00783504,0.0,0.0,0.0,0.0,0.0,0.0,0.0
477,0.0,0.01406941,0.0,0.0,0.0,0.0,0.0,0.0,0.0
478,0.0,0.01702148,0.0,0.0,0.0,0.0,0.0,0.0,0.0
479,0.0,0.01435731,0.0,0.0,0.0,0.0,0.0,0.0,0.0
480,0.0,0.00851875,0.0,0.0,0.0,0.0,0.0,0.0,0.0
481,0.0,0.00601585,0.0,0.0,0.0,0.0,0.0,0.0,0.0
482,0.0,0.00641677,0.0,0.0,0.0,0.0,0.0,0.0,0.0
483,0.0,0.00814098,0.0,0.0,0.0,0.0,0.0,0.0,0.0
484,0.0,0.00904783,0.0,0.0,0.0,0.0,0.0,0.0,0.0
485,0.0,0.01272744,0.0,0.0,0.0,0.0,0.0,0.0,0.0
486,0.0,0.01642681,0.0,0.0,0.0,0.0,0.0,0.0,0.0
487,0.0,0.01717806,0.0,0.0,0.0,0.0,0.0,0.0,0.0
488,0.0,0.01689493,0.0,0.0,0.0,0.0,0.0,2.015e-05,0.0
489,0.0,0.01748484,0.0,0.0,0.0,0.0,0.0,3.009e-05,0.0
490,0.0,0.01793138,0.0,0.0,0.0,0.0,0.0,4.643e-05,0.0
491,0.0,0.0154778,0.0,0.0,0.0,0.0,0.0,7.166e-05,0.0
492,0.0,0.0169618,0.0,0.0,0.0,0.0,0.0,0.00132461,0.0
493,0.0,0.0280459,0.0,0.0,0.0,0.0,0.0,0.00177786,0.0
494,0.0,0.04154578,0.0,0.0,0.0,0.0,0.0,0.00190063,0.0
495,0.0,0.04739599,0.0,0.0,0.0,0.0,0.0,0.00204792,0.0
496,0.0,0.02914561,0.0,0.0,0.0,0.0,0.0,0.00230462,0.0
497,0.0,0.00466223,0.0,0.0,0.0,0.0,0.0,0.00243061,0.0
498,0.0,0.00421084,0.0,0.0,0.0,0.0,0.0,0.00283641,0.0
499,0.0,0.01627013,0.0,0.0,0.0,0.0,0.0,0.0039508,0.0
500,0.0,0.02522637,0.0,0.0,0.0,0.0,0.0,0.00856411,0.0
501,0.0,0.0195046,0.0,0.0,0.0,0.0,0.0,0.02146145,0.0
502,0.0,0.00238525,0.0,0.0,0.0,0.0,0.0,0.04089513,0.0
503,0.0,0.01277786,0.0,0.0,0.0,0.0,0.0,0.04555733,0.0
504,0.0,0.00560256,0.0,0.0,0.0,0.0,0.0,0.02569854,0.0
505,0.0,0.02007894,0.0,0.0,0.0,0.0,0.0,0.00732314,0.0
506,0.0,0.04674564,0.0,0.0,0.0,0.0,0.0,0.00472124,0.0
507,0.0,0.05571818,0.0,0.0,0.0,0.0,0.0,0.00616714,0.0
508,0.0,0.03888773,0.0,0.0,0.0,0.0,0.0,0.00555145,0.0
509,0.0,0.02474928,0.0,0.0,0.0,0.0,0.0,0.00835657,0.0
510,0.0,0.02101024,0.0,0.0,0.0,0.0,0.0,0.01205884,0.0
511,0.0,0.04181675,0.0,0.0,0.0,0.0,0.0,0.01117213,0.0
512,0.0,0.07871538,6.19e-06,0.0,0.0,0.0,0.0,0.00800618,0.0
513,0.0,0.02865174,6.83e-06,0.0,0.0,0.0,0.0,0.00632261,0.0
514,0.0,0.00933429,1.294e-05,0.0,0.0,0.0,0.0,0.00657001,0.0
515,0.0,0.00419642,2.303e-05,0.0,0.0,0.0,0.0,0.00662683,0.0
516,0.0,0.00260631,3.533e-05,0.0,0.0,0.0,0.0,0.01416343,0.0
517,0.0,0.00146559,4.978e-05,0.0,0.0,0.0,0.0,0.02018871,0.0
518,0.0,0.00113157,6.774e-05,0.0,0.0,0.0,0.0,0.02196474,0.0
519,0.0,0.00096177,9.087e-05,0.0,0.0,0.0,0.0,0.01466578,0.0
520,0.0,0.00080599,0.0001213,0.0,0.0,0.0,0.0,0.00487286,0.0
521,0.0,0.00059992,0.00042545,0.0,0.0,0.0,0.0,0.00944167,0.0
522,0.0,0.00039399,0.00046761,0.0,0.0,0.0,0.0,0.00799649,0.0
523,0.0,0.00025014,0.00052648,0.0,0.0,0.0,0.0,0.00671432,0.0
524,0.0,0.00016897,0.00072791,0.0,0.0,0.0,0.0,0.01072538,0.0
525,0.0,0.00012742,0.00103188,0.0,0.0,0.0,0.0,0.01108858,0.0
526,0.0,0.00010821,0.00147257,0.0,0.0,0.0,0.0,0.00518343,0.0
527,0.0,0.00010408,0.00201379,0.0,0.0,0.0,0.0,0.00839702,0.0
528,0.0,0.00011045,0.00750289,0.0,0.0,0.0,0.0,0.01184171,0.0
529,0.0,0.00012185,0.00858275,0.0,0.0,0.0,0.0,0.00891387,0.0
530,0.0,0.00013111,0.01874577,0.0,0.0,0.0,0.0,0.00891857,0.0
531,0.0,0.0,0.01788493,0.0,0.0,0.0,0.0,0.0100853,0.0
532,0.0,0.0,0.02799383,0.0,0.0,0.0,0.0,0.01575686,0.0
533,0.0,0.0,0.02493757,0.0,0.0,0.0,0.0,0.01796615,0.0
534,0.0,0.0,0.02161304,0.0,0.0,0.0,0.0,0.02272983,0.0
535,0.0,0.0,0.01881093,0.0,0.0,0.0,0.0,0.02176887,0.0
536,0.0,0.0,0.01721163,0.0,0.0,0.0,0.0,0.01840019,0.0
537,0.0,0.0,0.01070405,0.0,0.0,0.0,0.0,0.02070269,0.0
538,0.0,0.0,0.00836614,0.0,0.0,0.0,0.0,0.02867585,0.0
539,0.0,0.0,0.00607323,0.0,0.0,0.0,0.0,0.03694771,0.0
540,0.0,0.0,0.00483625,0.0,0.0,0.0,0.0,0.0393385,0.0
541,0.0,0.0,0.00449707,0.0,0.0,0.0,0.0,0.03311346,0.0
542,0.0,0.0,0.00475598,0.0,0.0,0.0,0.0,0.0225187,0.0
543,0.0,0.0,0.00677342,0.0,0.0,0.0,0.0,0.01782025,0.0
544,0.0,0.0,0.0095385,0.0,0.0,0.0,0.0,0.01892499,0.0
545,0.0,0.0,0.00927282,0.0,0.0,0.0,0.0,0.03057992,0.0
546,0.0,0.0,0.00507822,0.0,0.0,0.0,0.0,0.04027899,0.0
547,0.0,0.0,0.00606292,0.0,0.0,0.0,0.0,0.04134773,0.0
548,0.0,0.0,0.01102037,0.0,0.0,0.0,0.0,0.02893474,0.0
549,0.0,0.0,0.01350226,0.0,0.0,0.0,0.0,0.01139535,0.0
550,0.0,0.0,0.01171532,0.0,0.0,0.0,0.0,0.00674212,0.0
551,0.0,0.0,0.00961761,0.0,0.0,0.0,0.0,0.0120351,0.0
552,0.0,0.0,0.00788119,0.0,0.0,0.0,0.0,0.00612164,0.0
553,0.0,0.0,0.00791125,0.0,0.0,0.0,0.0,0.01444929,0.0
554,0.0,0.0,0.00588649,0.0,0.0,0.0,0.0,0.02336596,0.0
555,0.0,0.0,0.00396925,0.0,0.0,0.0,0.0,0.01738192,0.0
556,0.0,0.0,0.0058515,0.0,0.0,0.0,0.0,0.00464707,0.0
557,0.0,0.0,0.00807943,0.0,0.0,0.0,0.0,0.01671372,0.0
558,0.0,0.0,0.00794198,0.0,0.0,0.0,0.0,0.02633724,0.0
559,0.0,0.0,0.00688981,0.0,0.0,0.0,0.0,0.02500449,0.0
560,0.0,0.0,0.00668935,0.0,0.0,0.0,0.0,0.01502729,0.0
561,0.0,0.0,0.00504558,0.0,0.0,0.0,0.0,0.00502121,0.0
562,0.0,0.0,0.00928257,0.0,0.0,0.0,0.0,0.00590807,0.0
563,0.0,0.0,0.011671,0.0,0.0,0.0,0.0,0.00519175,0.0
564,0.0,0.0,0.0143459,0.0,0.0,0.0,0.0,0.01213881,0.0
565,0.0,0.0,0.01554842,0.0,0.0,0.0,0.0,0.01914562,0.0
566,0.0,0.0,0.01493203,0.0,0.0,0.0,0.0,0.01546384,0.0
567,0.0,0.0,0.01267074,0.0,0.0,0.0,0.0,0.00413631,0.0
568,0.0,0.0,0.01316161,0.0,0.0,0.0,0.0,0.01709636,0.0
569,0.0,0.0,0.01592059,0.0,0.0,0.0,0.0,0.03020976,0.0
570,0.0,0.0,0.02329212,0.0,0.0,0.0,0.0,0.03485188,0.0
571,0.0,0.0,0.02863944,0.0,0.0,0.0,0.0,0.03193832,0.0
572,0.0,0.0,0.02800232,0.0,0.0,0.0,0.0,0.02426214,0.0
573,0.0,0.0,0.01836961,0.0,0.0,0.0,0.0,0.01891381,0.0
574,0.0,0.0,0.00402131,0.0,0.0,0.0,0.0,0.02190762,0.0
575,0.0,0.0,0.01546059,0.0,0.0,0.0,0.0,0.02916868,0.0
576,0.0,0.0,0.02355198,0.0,0.0,0.0,0.0,0.03807878,0.0
577,0.0,0.0,0.02011394,0.0,0.0,0.0,0.0,0.04250352,0.0
578,0.0,0.0,0.01058269,0.0,0.0,0.0,0.0,0.04005354,0.0
579,0.0,0.0,0.00431783,0.0,0.0,0.0,0.0,0.03241363,0.0
580,0.0,0.0,0.00786188,0.0,0.0,0.0,0.0,0.02359402,0.0
581,0.0,0.0,0.00982175,0.0,0.0,0.0,0.0,0.0197322,0.0
582,0.0,0.0,0.01452226,0.0,0.0,0.0,0.0,0.02350751,0.0
583,0.0,0.0,0.02052814,0.0,0.0,0.0,0.0,0.02954637,0.0
584,0.0,0.0,0.02603252,0.0,0.0,0.0,0.0,0.03629353,0.0
585,0.0,0.0,0.01592957,0.0,0.0,0.0,0.0,0.03934114,0.0
586,0.0,0.0,0.0229586,0.0,0.0,0.0,0.0,0.0370061,0.0
587,0.0,0.0,0.0529586,0.0,0.0,0.0,0.0,0.03006934,0.0
588,0.0,0.0,0.03247558,0.0,0.0,0.0,0.0,0.0221302,0.0
589,0.0,0.0,0.03076253,0.0,0.0,0.0,0.0,0.01729455,0.0
590,0.0,0.0,0.06503926,0.0,0.0,0.0,0.0,0.01802502,0.0
591,0.0,0.0,0.06842254,0.0,0.0,0.0,0.0,0.02273786,0.0
592,0.0,0.0,0.05012217,0.0,0.0,0.0,0.0,0.02964386,0.0
593,0.0,0.0,0.02895293,0.0,0.0,0.0,0.0,0.03558933,0.0
594,0.0,0.0,0.01501935,0.0,0.0,0.0,0.0,0.03548384,0.0
595,0.0,0.0,0.0075327,0.0,0.0,0.0,0.0,0.03075349,0.0
596,0.0,0.0,0.00394198,0.0,0.0,0.0,0.0,0.02349112,0.0
597,0.0,0.0,0.00254559,0.0,0.0,0.0,0.0,0.0174524,0.0
598,0.0,0.0,0.00140372,0.0,0.0,0.0,0.0,0.01381883,0.0
599,0.0,0.0,0.00081107,0.0,0.0,0.0,0.0,0.01335975,0.0
600,0.0,0.0,0.00049149,0.0,0.0,0.0,0.0,0.01618741,0.0
601,0.0,0.0,0.00031231,0.0,0.0,0.0,0.0,0.01942966,0.0
602,0.0,0.0,0.00020884,0.0,0.0,0.0,0.0,0.02016997,0.0
603,0.0,0.0,0.00014799,0.0,0.0,0.0,0.0,0.02030094,0.0
604,0.0,0.0,0.00011072,0.0,0.0,0.0,0.0,0.01716405,0.0
605,0.0,0.0,8.744e-05,0.0,0.0,0.0,0.0,0.01467656,0.0
606,0.0,0.0,7.399e-05,0.0,0.0,0.0,0.0,0.01354096,0.0
607,0.0,0.0,6.676e-05,0.0,0.0,0.0,0.0,0.0132061,0.0
608,0.0,0.0,6.544e-05,0.0,0.0,0.0,0.0,0.01762753,0.0
609,0.0,0.0,6.983e-05,0.0,0.0,0.0,0.0,0.02357341,0.0
610,0.0,0.0,8.005e-05,0.0,0.0,0.0,0.0,0.02944751,0.0
611,0.0,0.0,0.0,0.0,0.0,0.0,0.0,0.03178104,0.0
612,0.0,0.0,0.0,0.0,0.0,0.0,0.0,0.0313709,0.0
613,0.0,0.0,0.0,0.0,0.0,0.0,0.0,0.02737791,0.0
614,0.0,0.0,0.0,0.0,0.0,0.0,0.0,0.02227391,0.0
615,0.0,0.0,0.0,0.0,0.0,0.0,0.0,0.01678364,0.0
616,0.0,0.0,0.0,0.0,0.0,0.0,0.0,0.01183312,0.0
617,0.0,0.0,0.0,0.0,0.0,0.0,0.0,0.00860023,0.0
618,0.0,0.0,0.0,0.0,0.0,0.0,0.0,0.00906503,0.0
619,0.0,0.0,0.0,0.0,0.0,0.0,0.0,0.00983855,0.0
620,0.0,0.0,0.0,0.0,0.0,0.0,0.0,0.01028577,0.0
621,0.0,0.0,0.0,0.0,0.0,0.0,0.0,0.0107378,0.0
622,0.0,0.0,0.0,0.0,0.0,0.0,0.0,0.0084873,0.0
623,0.0,0.0,0.0,0.0,0.0,0.0,0.0,0.00648434,0.0
624,0.0,0.0,0.0,0.0,0.0,0.0,0.0,0.00493137,0.0
625,0.0,0.0,0.0,7.678e-05,0.0,0.0,0.0,0.00406231,0.0
626,0.0,0.0,0.0,0.00012158,0.0,0.0,0.0,0.0042796,0.0
627,0.0,0.0,0.0,0.00019875,0.0,0.0,0.0,0.00464566,0.0
628,0.0,0.0,0.0,0.00033812,0.0,0.0,0.0,0.00572995,0.0
629,0.0,0.0,0.0,0.00061175,0.0,0.0,0.0,0.0056017,0.0
630,0.0,0.0,0.0,0.00138654,0.0,0.0,0.0,0.0040932,0.0
631,0.0,0.0,0.0,0.00258088,0.0,0.0,0.0,0.0065623,0.0
632,0.0,0.0,0.0,0.00488258,0.0,0.0,0.0,0.01112766,0.0
633,0.0,0.0,0.0,0.01144402,0.0,0.0,0.0,0.01378552,0.0
634,0.0,0.0,0.0,0.02359377,0.0,0.0,0.0,0.01402515,0.0
635,0.0,0.0,0.0,0.0423264,0.0,0.0,0.0,0.01063699,0.0
636,0.0,0.0,0.0,0.05595207,0.0,0.0,0.0,0.00628122,0.0
637,0.0,0.0,0.0,0.04142714,0.0,0.0,0.0,0.00701801,0.0
638,0.0,0.0,0.0,0.01459128,0.0,0.0,0.0,0.01176895,0.0
639,0.0,0.0,0.0,0.00483641,0.0,0.0,0.0,0.01222263,0.0
640,0.0,0.0,0.0,0.00868121,0.0,0.0,0.0,0.00986207,0.0
641,0.0,0.0,0.0,0.01322049,0.0,0.0,0.0,0.00472982,0.0
642,0.0,0.0,0.0,0.01441576,0.0,0.0,0.0,0.00957024,0.0
643,0.0,0.0,0.0,0.01170794,0.0,0.0,0.0,0.01764577,0.0
644,0.0,0.0,0.0,0.0064722,0.0,0.0,0.0,0.02292673,0.0
645,0.0,0.0,0.0,0.00390514,0.0,0.0,0.0,0.02293666,0.0
646,0.0,0.0,0.0,0.0046389,0.0,0.0,0.0,0.01852855,0.0
647,0.0,0.0,0.0,0.00361888,0.0,0.0,0.0,0.01107982,0.0
648,0.0,0.0,0.0,0.00526336,0.0,0.0,0.0,0.00475007,0.0
649,0.0,0.0,0.0,0.00850827,0.0,0.0,0.0,0.00676472,0.0
650,0.0,0.0,0.0,0.00811962,0.0,0.0,0.0,0.00875185,0.0
651,0.0,0.0,0.0,0.00502752,0.0,0.0,0.0,0.00751044,0.0
652,0.0,0.0,0.0,0.00733963,0.0,0.0,0.0,0.00469336,0.0
653,0.0,0.0,0.0,0.01255777,0.0,0.0,0.0,0.00541096,0.0
654,0.0,0.0,0.0,0.01361577,0.0,0.0,0.0,0.00840851,0.0
655,0.0,0.0,0.0,0.01081413,0.0,0.0,0.0,0.00928892,0.0
656,0.0,0.0,0.0,0.00550136,0.0,0.0,0.0,0.00704593,0.0
657,0.0,0.0,0.0,0.00323348,0.0,0.0,0.0,0.0051335,0.0
658,0.0,0.0,0.0,0.00300381,0.0,0.0,0.0,0.00852339,0.0
659,0.0,0.0,0.0,0.00767782,0.0,0.0,0.0,0.01253189,0.0
660,0.0,0.0,0.0,0.01777918,0.0,0.0,0.0,0.01342162,0.0
661,0.0,0.0,0.0,0.02499769,0.0,0.0,0.0,0.01216706,0.0
662,0.0,0.0,0.0,0.02732898,0.0,0.0,0.0,0.00930406,0.0
663,0.0,0.0,0.0,0.02410911,0.0,0.0,0.0,0.00592108,0.0
664,0.0,0.0,0.0,0.01819483,0.0,0.0,0.0,0.00611996,0.0
665,0.0,0.0,0.0,0.01489296,0.0,0.0,0.0,0.00768771,0.0
666,0.0,0.0,0.0,0.01614136,0.0,0.0,0.0,0.00850732,0.0
667,0.0,0.0,0.0,0.01816652,0.0,0.0,0.0,0.00783297,0.0
668,0.0,0.0,0.0,0.02096965,0.0,0.0,0.0,0.00573397,0.0
669,0.0,0.0,0.0,0.02344614,0.0,0.0,0.0,0.00414898,0.0
670,0.0,0.0,0.0,0.03514956,0.0,0.0,0.0,0.00342939,0.0
671,0.0,0.0,0.0,0.07008959,0.0,0.0,0.0,0.00528847,0.0
672,0.0,0.0,0.0,0.08419432,0.0,0.0,0.0,0.00800744,0.0
673,0.0,0.0,0.0,0.05349541,0.0,0.0,0.0,0.01680152,0.0
674,0.0,0.0,0.0,0.02689119,0.0,0.0,0.0,0.02341071,0.0
675,0.0,0.0,0.0,0.02065767,0.0,0.0,0.0,0.02156875,0.0
676,0.0,0.0,0.0,0.01392997,0.0,0.0,0.0,0.0164064,0.0
677,0.0,0.0,0.0,0.00832761,0.0,0.0,0.0,0.01503872,0.0
678,0.0,0.0,0.0,0.00439544,0.0,0.0,0.0,0.00883946,0.0
679,0.0,0.0,0.0,0.00228435,0.0,0.0,0.0,0.00612686,0.0
680,0.0,0.0,0.0,0.00121789,0.0,0.0,0.0,0.00414984,0.0
681,0.0,0.0,0.0,0.00068464,0.0,0.0,0.0,0.00298786,0.0
682,0.0,0.0,0.0,0.00038664,0.0,0.0,0.0,0.00220324,0.0
683,0.0,0.0,0.0,0.00047475,0.0,0.0,0.0,0.00221032,0.0
684,0.0,0.0,0.0,0.00050114,0.0,0.0,0.0,0.00229592,0.0
685,0.0,0.0,0.0,0.00046268,0.0,0.0,0.0,0.00223492,0.0
686,0.0,0.0,0.0,0.00034593,0.0,0.0,0.0,0.00174323,0.0
687,0.0,0.0,0.0,0.00033536,0.0,0.0,0.0,0.00173868,0.0
688,0.0,0.0,0.0,0.00029357,0.0,0.0,0.0,0.0015523,0.0
689,0.0,0.0,0.0,0.00030874,0.0,0.0,0.0,0.0016205,0.0
690,0.0,0.0,0.0,0.00016426,0.0,0.0,0.0,0.00082228,0.0
691,0.0,0.0,0.0,0.00013099,0.0,0.0,0.0,0.00062671,0.0
692,0.0,0.0,0.0,0.0,0.0,0.0,0.0,0.00040229,0.0
693,0.0,0.0,0.0,0.0,0.0,0.0,0.0,0.0,0.0
694,0.0,0.0,0.0,0.0,0.0,0.0,0.0,0.0,0.0
695,0.0,0.0,0.0,0.0,0.0,0.0,0.0,0.0,0.0
696,0.0,0.0,0.0,0.0,0.0,0.0,0.0,0.0,0.0
697,0.0,0.0,0.0,0.0,0.0,0.0,0.0,0.0,0.0
698,0.0,0.0,0.0,0.0,0.0,0.0,0.0,0.0,0.0
699,0.0,0.0,0.0,0.0,0.0,0.0,0.0,0.0,0.0
700,0.0,0.0,0.0,0.0,0.0,0.0,0.0,0.0,0.0
701,0.0,0.0,0.0,0.0,0.0,0.0,0.0,0.0,0.0
702,0.0,0.0,0.0,0.0,0.0,0.0,0.0,0.0,0.0
703,0.0,0.0,0.0,0.0,0.0,0.0,0.0,0.0,0.0
704,0.0,0.0,0.0,0.0,0.0,0.0,0.0,0.0,0.0
705,0.0,0.0,0.0,0.0,0.0,0.0,0.0,0.0,0.0
706,0.0,0.0,0.0,0.0,0.0,0.0,0.0,0.0,0.0
707,0.0,0.0,0.0,0.0,0.0,0.0,0.0,0.0,0.0
708,0.0,0.0,0.0,0.0,0.0,0.0,0.0,0.0,0.0
709,0.0,0.0,0.0,0.0,0.0,0.0,0.0,0.0,0.0
710,0.0,0.0,0.0,0.0,0.0,0.0,0.0,0.0,0.0
711,0.0,0.0,0.0,0.0,0.0,0.0,0.0,0.0,0.0
712,0.0,0.0,0.0,0.0,0.0,0.0,0.0,0.0,0.0
713,0.0,0.0,0.0,0.0,0.0,0.0,0.0,0.0,0.0
714,0.0,0.0,0.0,0.0,0.0,0.0,0.0,0.0,0.0
715,0.0,0.0,0.0,0.0,0.0,0.0,0.0,0.0,0.0
716,0.0,0.0,0.0,0.0,0.0,0.0,0.0,0.0,0.0
717,0.0,0.0,0.0,0.0,0.0,0.0,0.0,0.0,0.0
718,0.0,0.0,0.0,0.0,0.0,0.0,0.0,0.0,0.0
719,0.0,0.0,0.0,0.0,0.0,0.0,0.0,0.0,0.0
720,0.0,0.0,0.0,0.0,0.0,0.0,0.0,0.0,0.0
721,0.0,0.0,0.0,0.0,0.0,0.0,0.0,0.0,0.0
722,0.0,0.0,0.0,0.0,0.0,0.0,0.0,0.0,0.0
723,0.0,0.0,0.0,0.0,0.0,0.0,0.0,0.0,0.0
724,0.0,0.0,0.0,0.0,0.0,0.0,0.0,0.0,0.0
725,0.0,0.0,0.0,0.0,0.0,0.0,0.0,0.0,0.0
726,0.0,0.0,0.0,0.0,0.0,0.0,0.0,0.0,0.0
727,0.0,0.0,0.0,0.0,0.0,0.0,0.0,0.0,0.0
728,0.0,0.0,0.0,0.0,0.0,0.0,0.0,0.0,0.0
729,0.0,0.0,0.0,0.0,0.0,0.0,0.0,0.0,0.0
730,0.0,0.0,0.0,0.0,0.0,0.0,0.0,0.0,0.0
731,0.0,0.0,0.0,0.0,0.0,0.0,0.0,0.0,0.0
732,0.0,0.0,0.0,0.0,0.0,0.0,0.0,0.0,0.0
733,0.0,0.0,0.0,0.0,0.0,0.0,0.0,0.0,0.0
734,0.0,0.0,0.0,0.0,0.0,0.0,0.0,0.0,0.0
735,0.0,0.0,0.0,0.0,0.0,0.0,0.0,0.0,0.0
736,0.0,0.0,0.0,0.0,0.0,0.0,0.0,0.0,0.0
737,0.0,0.0,0.0,0.0,0.0,0.0,0.0,0.0,0.0
738,0.0,0.0,0.0,0.0,0.0,0.0,0.0,0.0,0.0
739,0.0,0.0,0.0,0.0,0.0,0.0,0.0,0.0,0.0
740,0.0,0.0,0.0,0.0,0.0,0.0,0.0,0.0,0.0
741,0.0,0.0,0.0,0.0,0.0,0.0,0.0,0.0,0.0
742,0.0,0.0,0.0,0.0,0.0,0.0,0.0,0.0,0.0
743,0.0,0.0,0.0,0.0,0.0,0.0,0.0,0.0,0.0
744,0.0,0.0,0.0,0.0,0.0,0.0,0.0,0.0,0.0
745,0.0,0.0,0.0,0.0,0.0,0.0,0.0,0.0,0.0
746,0.0,0.0,0.0,0.0,0.0,0.0,0.0,0.0,0.0
747,0.0,0.0,0.0,0.0,0.0,0.0,0.0,0.0,0.0
748,0.0,0.0,0.0,0.0,0.0,0.0,0.0,0.0,0.0
749,0.0,0.0,0.0,0.0,0.0,0.0,0.0,0.0,0.0
750,0.0,0.0,0.0,0.0,0.0,0.0,0.0,0.0,0.0
751,0.0,0.0,0.0,0.0,0.0,0.0,0.0,0.0,0.0
752,0.0,0.0,0.0,0.0,0.0,0.0,0.0,0.0,0.0
753,0.0,0.0,0.0,0.0,0.0,0.0,0.0,0.0,0.0
754,0.0,0.0,0.0,0.0,0.0,0.0,0.0,0.0,0.0
755,0.0,0.0,0.0,0.0,0.0,0.0,0.0,0.0,0.0
756,0.0,0.0,0.0,0.0,0.0,0.0,0.0,0.0,0.0
757,0.0,0.0,0.0,0.0,0.0,0.0,0.0,0.0,0.0
758,0.0,0.0,0.0,0.0,0.0,0.0,0.0,0.0,0.0
759,0.0,0.0,0.0,0.0,0.0,0.0,0.0,0.0,0.0
760,0.0,0.0,0.0,0.0,0.0,0.0,0.0,0.0,0.0
761,0.0,0.0,0.0,0.0,0.0,0.0,0.0,0.0,0.0
762,0.0,0.0,0.0,0.0,0.0,0.0,0.0,0.0,0.0
763,0.0,0.0,0.0,0.0,0.0,0.0,0.0,0.0,0.0
764,0.0,0.0,0.0,0.0,0.0,0.0,0.0,0.0,0.0
765,0.0,0.0,0.0,0.0,0.0,0.0,0.0,0.0,0.0
766,0.0,0.0,0.0,0.0,0.0,0.0,0.0,0.0,0.0
767,0.0,0.0,0.0,0.0,0.0,0.0,0.0,0.0,0.0
768,0.0,0.0,0.0,0.0,0.0,0.0,0.0,0.0,0.0
769,0.0,0.0,0.0,0.0,0.0,0.0,0.0,0.0,0.0
770,0.0,0.0,0.0,0.0,0.0,0.0,0.0,0.0,0.0
771,0.0,0.0,0.0,0.0,0.0,0.0,0.0,0.0,0.0
772,0.0,0.0,0.0,0.0,0.0,0.0,0.0,0.0,0.0
773,0.0,0.0,0.0,0.0,0.0,0.0,0.0,0.0,0.0
774,0.0,0.0,0.0,0.0,0.0,0.0,0.0,0.0,0.0
775,0.0,0.0,0.0,0.0,0.0,0.0,0.0,0.0,0.0
776,0.0,0.0,0.0,0.0,0.0,0.0,0.0,0.0,0.0
777,0.0,0.0,0.0,0.0,0.0,0.0,0.0,0.0,0.0
778,0.0,0.0,0.0,0.0,0.0,0.0,0.0,0.0,0.0
779,0.0,0.0,0.0,0.0,0.0,0.0,0.0,0.0,0.0
780,0.0,0.0,0.0,0.0,0.0,0.0,0.0,0.0,0.0
781,0.0,0.0,0.0,0.0,0.0,0.0,0.0,0.0,0.0
782,0.0,0.0,0.0,0.0,0.0,0.0,0.0,0.0,0.0
783,0.0,0.0,0.0,0.0,0.0,0.0,0.0,0.0,0.0
784,0.0,0.0,0.0,0.0,0.0,0.0,0.0,0.0,0.0
785,0.0,0.0,0.0,0.0,0.0,0.0,0.0,0.0,0.0
786,0.0,0.0,0.0,0.0,0.0,0.0,0.0,0.0,0.0
787,0.0,0.0,0.0,0.0,0.0,0.0,0.0,0.0,0.0
788,0.0,0.0,0.0,0.0,0.0,0.0,0.0,0.0,0.0
789,0.0,0.0,0.0,0.0,0.0,0.0,0.0,0.0,0.0
790,0.0,0.0,0.0,0.0,0.0,0.0,0.0,0.0,0.0
791,0.0,0.0,0.0,0.0,0.0,0.0,0.0,0.0,0.0
792,0.0,0.0,0.0,0.0,0.0,0.0,0.0,0.0,0.0
793,0.0,0.0,0.0,0.0,0.0,0.0,0.0,0.0,0.0
794,0.0,0.0,0.0,0.0,0.0,0.0,0.0,0.0,0.0
795,0.0,0.0,0.0,0.0,0.0,0.0,0.0,0.0,0.0
796,0.0,0.0,0.0,0.0,0.0,0.0,0.0,0.0,0.0
797,0.0,0.0,0.0,0.0,0.0,0.0,0.0,0.0,0.0
798,0.0,0.0,0.0,0.0,0.0,0.0,0.0,0.0,0.0
799,0.0,0.0,0.0,0.0,0.0,0.0,0.0,0.0,0.0
800,0.0,0.0,0.0,0.0,0.0,0.0,0.0,0.0,0.0
801,0.0,0.0,0.0,0.0,0.0,0.0,0.0,0.0,0.0
802,0.0,0.0,0.0,0.0,0.0,0.0,0.0,0.0,0.0
803,0.0,0.0,0.0,0.0,0.0,0.0,0.0,0.0,0.0
804,0.0,0.0,0.0,0.0,0.0,0.0,0.0,0.0,0.0
805,0.0,0.0,0.0,0.0,0.0,0.0,0.0,0.0,0.0
806,0.0,0.0,0.0,0.0,0.0,0.0,0.0,0.0,0.0
807,0.0,0.0,0.0,0.0,0.0,0.0,0.0,0.0,0.0
808,0.0,0.0,0.0,0.0,0.0,0.0,0.0,0.0,0.0
809,0.0,0.0,0.0,0.0,0.0,0.0,0.0,0.0,0.0
810,0.0,0.0,0.0,0.0,0.0,0.0,0.0,0.0,0.0
811,0.0,0.0,0.0,0.0,0.0,0.0,0.0,0.0,0.0
812,0.0,0.0,0.0,0.0,0.0,0.0,0.0,0.0,0.0
813,0.0,0.0,0.0,0.0,0.0,0.0,0.0,0.0,0.0
814,0.0,0.0,0.0,0.0,0.0,0.0,0.0,0.0,0.0
815,0.0,0.0,0.0,0.0,0.0,0.0,0.0,0.0,0.0
816,0.0,0.0,0.0,0.0,0.0,0.0,0.0,0.0,0.0
817,0.0,0.0,0.0,0.0,0.0,0.0,0.0,0.0,0.0
818,0.0,0.0,0.0,0.0,0.0,0.0,0.0,0.0,0.0
819,0.0,0.0,0.0,0.0,0.0,0.0,0.0,0.0,0.0
820,0.0,0.0,0.0,0.0,0.0,0.0,0.0,0.0,0.0
821,0.0,0.0,0.0,0.0,0.0,0.0,0.0,0.0,0.0
822,0.0,0.0,0.0,0.0,0.0,0.0,0.0,0.0,0.0
823,0.0,0.0,0.0,0.0,0.0,0.0,0.0,0.0,0.0
824,0.0,0.0,0.0,0.0,0.0,0.0,0.0,0.0,0.0
825,0.0,0.0,0.0,0.0,0.0,0.0,0.0,0.0,0.0
826,0.0,0.0,0.0,0.0,0.0,0.0,0.0,0.0,0.0
827,0.0,0.0,0.0,0.0,0.0,0.0,0.0,0.0,0.0
828,0.0,0.0,0.0,0.0,0.0,0.0,0.0,0.0,0.0
829,0.0,0.0,0.0,0.0,0.00013841,0.0,0.0,0.0,0.0
830,0.0,0.0,0.0,0.0,0.00014887,0.0,0.0,0.0,0.0
831,0.0,0.0,0.0,0.0,0.00016152,0.0,0.0,0.0,0.0
832,0.0,0.0,0.0,0.0,0.00017617,0.0,0.0,0.0,0.0
833,0.0,0.0,0.0,0.0,0.00019201,0.0,0.0,0.0,0.0
834,0.0,0.0,0.0,0.0,0.00020879,0.0,0.0,0.0,0.0
835,0.0,0.0,0.0,0.0,0.00022628,0.0,0.0,0.0,0.0
836,0.0,0.0,0.0,0.0,0.00024454,0.0,0.0,0.0,0.0
837,0.0,0.0,0.0,0.0,0.00026199,0.0,0.0,0.0,0.0
838,0.0,0.0,0.0,0.0,0.00027887,0.0,0.0,0.0,0.0
839,0.0,0.0,0.0,0.0,0.00029972,0.0,0.0,0.0,0.0
840,0.0,0.0,0.0,0.0,0.00032911,0.0,0.0,0.0,0.0
841,0.0,0.0,0.0,0.0,0.00040042,0.0,0.0,0.0,0.0
842,0.0,0.0,0.0,0.0,0.00062155,0.0,0.0,0.0,0.0
843,0.0,0.0,0.0,0.0,0.00100203,0.0,0.0,0.0,0.0
844,0.0,0.0,0.0,0.0,0.00196286,0.0,0.0,0.0,0.0
845,0.0,0.0,0.0,0.0,0.003968,0.0,0.0,0.0,0.0
846,0.0,0.0,0.0,0.0,0.00793775,0.0,0.0,0.0,0.0
847,0.0,0.0,0.0,0.0,0.01671099,0.0,0.0,0.0,0.0
848,0.0,0.0,0.0,0.0,0.03019052,0.0,0.0,0.0,0.0
849,0.0,0.0,0.0,0.0,0.0502795,0.0,0.0,0.0,0.0
850,0.0,0.0,0.0,0.0,0.06731535,0.0,0.0,0.0,0.0
851,0.0,0.0,0.0,0.0,0.06319201,0.0,0.0,0.0,0.0
852,0.0,0.0,0.0,0.0,0.03349486,0.0,0.0,0.0,0.0
853,0.0,0.0,0.0,0.0,0.00793794,0.0,0.0,0.0,0.0
854,0.0,0.0,0.0,0.0,0.00603863,0.0,0.0,0.0,0.0
855,0.0,0.0,0.0,0.0,0.00313077,0.0,0.0,0.0,0.0
856,0.0,0.0,0.0,0.0,0.00492328,0.0,0.0,0.0,0.0
857,0.0,0.0,0.0,0.0,0.00885304,0.0,0.0,0.0,0.0
858,0.0,0.0,0.0,0.0,0.00985418,0.0,0.0,0.0,0.0
859,0.0,0.0,0.0,0.0,0.00842203,0.0,0.0,0.0,0.0
860,0.0,0.0,0.0,0.0,0.00597077,0.0,0.0,0.0,0.0
861,0.0,0.0,0.0,0.0,0.0037984,0.0,0.0,0.0,0.0
862,0.0,0.0,0.0,0.0,0.00237505,0.0,0.0,0.0,0.0
863,0.0,0.0,0.0,0.0,0.00181177,0.0,0.0,0.0,0.0
864,0.0,0.0,0.0,0.0,0.00171782,0.0,0.0,0.0,0.0
865,0.0,0.0,0.0,0.0,0.00186434,0.0,0.0,0.0,0.0
866,0.0,0.0,0.0,0.0,0.00177317,0.0,0.0,0.0,0.0
867,0.0,0.0,0.0,0.0,0.00142347,0.0,0.0,0.0,0.0
868,0.0,0.0,0.0,0.0,0.00137425,0.0,0.0,0.0,0.0
869,0.0,0.0,0.0,0.0,0.00225448,0.0,0.0,0.0,0.0
870,0.0,0.0,0.0,0.0,0.00324159,0.0,0.0,0.0,0.0
871,0.0,0.0,0.0,0.0,0.00329755,0.0,0.0,0.0,0.0
872,0.0,0.0,0.0,0.0,0.00155147,0.0,0.0,0.0,0.0
873,0.0,0.0,0.0,0.0,0.00155475,0.0,0.0,0.0,0.0
874,0.0,0.0,0.0,0.0,0.00527154,0.0,0.0,0.0,0.0
875,0.0,0.0,0.0,0.0,0.00868602,0.0,0.0,0.0,0.0
876,0.0,0.0,0.0,0.0,0.00968487,0.0,0.0,0.0,0.0
877,0.0,0.0,0.0,0.0,0.02244449,0.0,0.0,0.0,0.0
878,0.0,0.0,0.0,0.0,0.04385664,0.0,0.0,0.0,0.0
879,0.0,0.0,0.0,0.0,0.05208354,0.0,0.0,0.0,0.0
880,0.0,0.0,0.0,0.0,0.04579622,0.0,0.0,0.0,0.0
881,0.0,0.0,0.0,0.0,0.02949588,0.0,0.0,0.0,0.0
882,0.0,0.0,0.0,0.0,0.01739345,0.0,0.0,0.0,0.0
883,0.0,0.0,0.0,0.0,0.00943446,0.0,0.0,0.0,0.0
884,0.0,0.0,0.0,0.0,0.00470461,0.0,0.0,0.0,0.0
885,0.0,0.0,0.0,0.0,0.00236544,0.0,0.0,0.0,0.0
886,0.0,0.0,0.0,0.0,0.00114857,0.0,0.0,0.0,0.0
887,0.0,0.0,0.0,0.0,0.00047457,0.0,0.0,0.0,0.0
888,0.0,0.0,0.0,0.0,0.00024077,0.0,0.0,0.0,0.0
889,0.0,0.0,0.0,0.0,0.0001215,0.0,0.0,0.0,0.0
890,0.0,0.0,0.0,0.0,8.36e-05,0.0,0.0,0.0,0.0
891,0.0,0.0,0.0,0.0,6.126e-05,0.0,0.0,0.0,0.0
892,0.0,0.0,0.0,0.0,5.394e-05,0.0,0.0,0.0,0.0
893,0.0,0.0,0.0,0.0,4.251e-05,0.0,0.0,0.0,0.0
894,0.0,0.0,0.0,0.0,3.339e-05,0.0,0.0,0.0,0.0
895,0.0,0.0,0.0,0.0,2.8e-05,0.0,0.0,0.0,0.0
896,0.0,0.0,0.0,0.0,2.395e-05,0.0,0.0,0.0,0.0
897,0.0,0.0,0.0,0.0,2.083e-05,0.0,0.0,0.0,0.0
898,0.0,0.0,0.0,0.0,1.911e-05,0.0,0.0,0.0,0.0
899,0.0,0.0,0.0,0.0,1.917e-05,0.0,0.0,0.0,0.0
900,0.0,0.0,0.0,0.0,1.742e-05,0.0,0.0,0.0,0.0
901,0.0,0.0,0.0,0.0,0.0,0.0,0.0,0.0,0.0
902,0.0,0.0,0.0,0.0,0.0,0.0,0.0,0.0,0.0
903,0.0,0.0,0.0,0.0,0.0,0.0,0.0,0.0,0.0
904,0.0,0.0,0.0,0.0,0.0,0.0,0.0,0.0,0.0
905,0.0,0.0,0.0,0.0,0.0,0.0,0.0,0.0,0.0
906,0.0,0.0,0.0,0.0,0.0,0.0,0.0,0.0,0.0
907,0.0,0.0,0.0,0.0,0.0,0.0,0.0,0.0,0.0
908,0.0,0.0,0.0,0.0,0.0,0.0,0.0,0.0,0.0
909,0.0,0.0,0.0,0.0,0.0,0.0,0.0,0.0,0.0
910,0.0,0.0,0.0,0.0,0.0,0.0,0.0,0.0,0.0
911,0.0,0.0,0.0,0.0,0.0,0.0,0.0,0.0,0.0
912,0.0,0.0,0.0,0.0,0.0,0.0,0.0,0.0,0.0
913,0.0,0.0,0.0,0.0,0.0,0.0,0.0,0.0,0.0
914,0.0,0.0,0.0,0.0,0.0,0.0,0.0,0.0,0.0
915,0.0,0.0,0.0,0.0,0.0,0.0,0.0,0.0,0.0
916,0.0,0.0,0.0,0.0,0.0,0.0,0.0,0.0,0.0
917,0.0,0.0,0.0,0.0,0.0,0.0,0.0,0.0,0.0
918,0.0,0.0,0.0,0.0,0.0,0.0,0.0,0.0,0.0
919,0.0,0.0,0.0,0.0,0.0,0.0,0.0,0.0,0.0
920,0.0,0.0,0.0,0.0,0.0,0.0,0.0,0.0,0.0
921,0.0,0.0,0.0,0.0,0.0,0.0,0.0,0.0,0.0
922,0.0,0.0,0.0,0.0,0.0,0.0,0.0,0.0,0.0
923,0.0,0.0,0.0,0.0,0.0,0.0,0.0,0.0,0.0
924,0.0,0.0,0.0,0.0,0.0,0.0,0.0,0.0,0.0
925,0.0,0.0,0.0,0.0,0.0,0.0,0.0,0.0,0.0
926,0.0,0.0,0.0,0.0,0.0,0.0,0.0,0.0,0.0
927,0.0,0.0,0.0,0.0,0.0,0.0,0.0,0.0,0.0
928,0.0,0.0,0.0,0.0,0.0,0.0,0.0,0.0,0.0
929,0.0,0.0,0.0,0.0,0.0,0.0,0.0,0.0,0.0
930,0.0,0.0,0.0,0.0,0.0,0.0,0.0,0.0,0.0
931,0.0,0.0,0.0,0.0,0.0,0.0,0.0,0.0,0.0
932,0.0,0.0,0.0,0.0,0.0,0.0,0.0,0.0,0.0
933,0.0,0.0,0.0,0.0,0.0,0.0,0.0,0.0,0.0
934,0.0,0.0,0.0,0.0,0.0,0.0,0.0,0.0,0.0
935,0.0,0.0,0.0,0.0,0.0,0.0,0.0,0.0,0.0
936,0.0,0.0,0.0,0.0,0.0,0.0,0.0,0.0,0.0
937,0.0,0.0,0.0,0.0,0.0,0.0,0.0,0.0,0.0
938,0.0,0.0,0.0,0.0,0.0,0.0,0.0,0.0,0.0
939,0.0,0.0,0.0,0.0,0.0,0.0,0.0,0.0,0.0
940,0.0,0.0,0.0,0.0,0.0,0.0,0.0,0.0,0.0
941,0.0,0.0,0.0,0.0,0.0,0.0,0.0,0.0,0.0
942,0.0,0.0,0.0,0.0,0.0,0.0,0.0,0.0,0.0
943,0.0,0.0,0.0,0.0,0.0,0.0,0.0,0.0,0.0
944,0.0,0.0,0.0,0.0,0.0,0.0,0.0,0.0,0.0
945,0.0,0.0,0.0,0.0,0.0,0.0,0.0,0.0,0.0
946,0.0,0.0,0.0,0.0,0.0,0.0,0.0,0.0,0.0
947,0.0,0.0,0.0,0.0,0.0,0.0,0.0,0.0,0.0
948,0.0,0.0,0.0,0.0,0.0,0.0,0.0,0.0,0.0
949,0.0,0.0,0.0,0.0,0.0,0.0,0.0,0.0,0.0
950,0.0,0.0,0.0,0.0,0.0,0.0,0.0,0.0,0.0
951,0.0,0.0,0.0,0.0,0.0,0.0,0.0,0.0,0.0
952,0.0,0.0,0.0,0.0,0.0,0.0,0.0,0.0,0.0
953,0.0,0.0,0.0,0.0,0.0,0.0,0.0,0.0,0.0
954,0.0,0.0,0.0,0.0,0.0,0.0,0.0,0.0,0.0
955,0.0,0.0,0.0,0.0,0.0,0.0,0.0,0.0,0.0
956,0.0,0.0,0.0,0.0,0.0,0.0,0.0,0.0,0.0
957,0.0,0.0,0.0,0.0,0.0,0.0,0.0,0.0,0.0
958,0.0,0.0,0.0,0.0,0.0,0.0,0.0,0.0,0.0
959,0.0,0.0,0.0,0.0,0.0,0.0,0.0,0.0,0.0
960,0.0,0.0,0.0,0.0,0.0,0.0,0.0,0.0,0.0
961,0.0,0.0,0.0,0.0,0.0,0.0,0.0,0.0,0.0
962,0.0,0.0,0.0,0.0,0.0,0.0,0.0,0.0,0.0
963,0.0,0.0,0.0,0.0,0.0,0.0,0.0,0.0,0.0
964,0.0,0.0,0.0,0.0,0.0,0.0,0.0,0.0,0.0
965,0.0,0.0,0.0,0.0,0.0,0.0,0.0,0.0,0.0
966,0.0,0.0,0.0,0.0,0.0,0.0,0.0,0.0,0.0
967,0.0,0.0,0.0,0.0,0.0,0.0,0.0,0.0,0.0
968,0.0,0.0,0.0,0.0,0.0,0.0,0.0,0.0,0.0
969,0.0,0.0,0.0,0.0,0.0,0.0,0.0,0.0,0.0
970,0.0,0.0,0.0,0.0,0.0,0.0,0.0,0.0,0.0
971,0.0,0.0,0.0,0.0,0.0,0.0,0.0,0.0,0.0
972,0.0,0.0,0.0,0.0,0.0,0.0,0.0,0.0,0.0
973,0.0,0.0,0.0,0.0,0.0,0.0,0.0,0.0,0.0
974,0.0,0.0,0.0,0.0,0.0,0.0,0.0,0.0,0.0
975,0.0,0.0,0.0,0.0,0.0,0.0,0.0,0.0,0.0
976,0.0,0.0,0.0,0.0,0.0,0.0,0.0,0.0,0.0
977,0.0,0.0,0.0,0.0,0.0,0.0,0.0,0.0,0.0
978,0.0,0.0,0.0,0.0,0.0,0.0,0.0,0.0,0.0
979,0.0,0.0,0.0,0.0,0.0,0.0,0.0,0.0,0.0
980,0.0,0.0,0.0,0.0,0.0,0.0,0.0,0.0,0.0
981,0.0,0.0,0.0,0.0,0.0,0.0,0.0,0.0,0.0
982,0.0,0.0,0.0,0.0,0.0,0.0,0.0,0.0,0.0
983,0.0,0.0,0.0,0.0,0.0,0.0,0.0,0.0,0.0
984,0.0,0.0,0.0,0.0,0.0,0.0,0.0,0.0,0.0
985,0.0,0.0,0.0,0.0,0.0,0.0,0.0,0.0,0.0
986,0.0,0.0,0.0,0.0,0.0,0.0,0.0,0.0,0.0
987,0.0,0.0,0.0,0.0,0.0,0.0,0.0,0.0,0.0
988,0.0,0.0,0.0,0.0,0.0,0.0,0.0,0.0,0.0
989,0.0,0.0,0.0,0.0,0.0,0.0,0.0,0.0,0.0
990,0.0,0.0,0.0,0.0,0.0,0.0,0.0,0.0,0.0
991,0.0,0.0,0.0,0.0,0.0,0.0,0.0,0.0,0.0
992,0.0,0.0,0.0,0.0,0.0,0.0,0.0,0.0,0.0
993,0.0,0.0,0.0,0.0,0.0,0.0,0.0,0.0,0.0
994,0.0,0.0,0.0,0.0,0.0,0.0,0.0,0.0,0.0
995,0.0,0.0,0.0,0.0,0.0,0.0,0.0,0.0,0.0
996,0.0,0.0,0.0,0.0,0.0,0.0,0.0,0.0,0.0
997,0.0,0.0,0.0,0.0,0.0,0.0,0.0,0.0,0.0
998,0.0,0.0,0.0,0.0,0.0,0.0,0.0,0.0,0.0
999,0.0,0.0,0.0,0.0,0.0,0.0,0.0,0.0,0.0
1000,0.0,0.0,0.0,0.0,0.0,0.0,0.0,0.0,0.0
1001,0.0,0.0,0.0,0.0,0.0,0.0,0.0,0.0,0.0
1002,0.0,0.0,0.0,0.0,0.0,0.0,0.0,0.0,0.0
1003,0.0,0.0,0.0,0.0,0.0,0.0,0.0,0.0,0.0
1004,0.0,0.0,0.0,0.0,0.0,0.0,0.0,0.0,0.0
1005,0.0,0.0,0.0,0.0,0.0,0.0,0.0,0.0,0.0
1006,0.0,0.0,0.0,0.0,0.0,0.0,0.0,0.0,0.0
1007,0.0,0.0,0.0,0.0,0.0,0.0,0.0,0.0,0.0
1008,0.0,0.0,0.0,0.0,0.0,0.0,0.0,0.0,0.0
1009,0.0,0.0,0.0,0.0,0.0,0.0,0.0,0.0,0.0
1010,0.0,0.0,0.0,0.0,0.0,0.0,0.0,0.0,0.0
1011,0.0,0.0,0.0,0.0,0.0,0.0,0.0,0.0,0.0
1012,0.0,0.0,0.0,0.0,0.0,0.0,0.0,0.0,0.0
1013,0.0,0.0,0.0,0.0,0.0,0.0,0.0,0.0,0.0
1014,0.0,0.0,0.0,0.0,0.0,0.0,0.0,0.0,0.0
1015,0.0,0.0,0.0,0.0,0.0,0.0,0.0,0.0,0.0
1016,0.0,0.0,0.0,0.0,0.0,0.0,0.0,0.0,0.0
1017,0.0,0.0,0.0,0.0,0.0,0.0,0.0,0.0,0.0
1018,0.0,0.0,0.0,0.0,0.0,0.0,0.0,0.0,0.0
1019,0.0,0.0,0.0,0.0,0.0,0.0,0.0,0.0,0.0
1020,0.0,0.0,0.0,0.0,0.0,0.0,0.0,0.0,0.0
1021,0.0,0.0,0.0,0.0,0.0,0.0,0.0,0.0,0.0
1022,0.0,0.0,0.0,0.0,0.0,0.0,0.0,0.0,0.0
1023,0.0,0.0,0.0,0.0,0.0,0.0,0.0,0.0,0.0
1024,0.0,0.0,0.0,0.0,0.0,0.0,0.0,0.0,0.0
1025,0.0,0.0,0.0,0.0,0.0,0.0,0.0,0.0,0.0
1026,0.0,0.0,0.0,0.0,0.0,0.0,0.0,0.0,0.0
1027,0.0,0.0,0.0,0.0,0.0,0.0,0.0,0.0,0.0
1028,0.0,0.0,0.0,0.0,0.0,0.0,0.0,0.0,0.0
1029,0.0,0.0,0.0,0.0,0.0,0.0,0.0,0.0,0.0
1030,0.0,0.0,0.0,0.0,0.0,0.0,0.0,0.0,0.0
1031,0.0,0.0,0.0,0.0,0.0,0.0,0.0,0.0,0.0
1032,0.0,0.0,0.0,0.0,0.0,0.0,0.0,0.0,0.0
1033,0.0,0.0,0.0,0.0,0.0,0.0,0.0,0.0,0.0
1034,0.0,0.0,0.0,0.0,0.0,0.0,0.0,0.0,0.0
1035,0.0,0.0,0.0,0.0,0.0,0.0,0.0,0.0,0.0
1036,0.0,0.0,0.0,0.0,0.0,0.0,0.0,0.0,0.0
1037,0.0,0.0,0.0,0.0,0.0,0.0,0.0,0.0,0.0
1038,0.0,0.0,0.0,0.0,0.0,0.0,0.0,0.0,0.0
1039,0.0,0.0,0.0,0.0,0.0,0.0,0.0,0.0,0.0
1040,0.0,0.0,0.0,0.0,0.0,0.0,0.0,0.0,0.0
1041,0.0,0.0,0.0,0.0,0.0,0.0,0.0,0.0,0.0
1042,0.0,0.0,0.0,0.0,0.0,0.0,0.0,0.0,0.0
1043,0.0,0.0,0.0,0.0,0.0,0.0,0.0,0.0,0.0
1044,0.0,0.0,0.0,0.0,0.0,0.0,0.0,0.0,0.0
1045,0.0,0.0,0.0,0.0,0.0,0.0,0.0,0.0,0.0
1046,0.0,0.0,0.0,0.0,0.0,0.0,0.0,0.0,0.0
1047,0.0,0.0,0.0,0.0,0.0,0.0,0.0,0.0,0.0
1048,0.0,0.0,0.0,0.0,0.0,0.0,0.0,0.0,0.0
1049,0.0,0.0,0.0,0.0,0.0,0.0,0.0,0.0,0.0
1050,0.0,0.0,0.0,0.0,0.0,0.0,0.0,0.0,0.0
1051,0.0,0.0,0.0,0.0,0.0,0.0,0.0,0.0,0.0
1052,0.0,0.0,0.0,0.0,0.0,0.0,0.0,0.0,0.0
1053,0.0,0.0,0.0,0.0,0.0,0.0,0.0,0.0,0.0
1054,0.0,0.0,0.0,0.0,0.0,0.0,0.0,0.0,0.0
1055,0.0,0.0,0.0,0.0,0.0,0.0,0.0,0.0,0.0
1056,0.0,0.0,0.0,0.0,0.0,0.0,0.0,0.0,0.0
1057,0.0,0.0,0.0,0.0,0.0,0.0,0.0,0.0,0.0
1058,0.0,0.0,0.0,0.0,0.0,0.0,0.0,0.0,0.0
1059,0.0,0.0,0.0,0.0,0.0,0.0,0.0,0.0,0.0
1060,0.0,0.0,0.0,0.0,0.0,0.0,0.0,0.0,0.0
1061,0.0,0.0,0.0,0.0,0.0,0.0,0.0,0.0,0.0
1062,0.0,0.0,0.0,0.0,0.0,0.0,0.0,0.0,0.0
1063,0.0,0.0,0.0,0.0,0.0,0.0,0.0,0.0,0.0
1064,0.0,0.0,0.0,0.0,0.0,0.0,0.0,0.0,0.0
1065,0.0,0.0,0.0,0.0,0.0,0.0,0.0,0.0,0.0
1066,0.0,0.0,0.0,0.0,0.0,0.0,0.0,0.0,0.0
1067,0.0,0.0,0.0,0.0,0.0,0.0,0.0,0.0,0.0
1068,0.0,0.0,0.0,0.0,0.0,0.0,0.0,0.0,0.0
1069,0.0,0.0,0.0,0.0,0.0,0.0,0.0,0.0,0.0
1070,0.0,0.0,0.0,0.0,0.0,0.0,0.0,0.0,0.0
1071,0.0,0.0,0.0,0.0,0.0,0.0,0.0,0.0,0.0
1072,0.0,0.0,0.0,0.0,0.0,0.0,0.0,0.0,0.0
1073,0.0,0.0,0.0,0.0,0.0,0.0,0.0,0.0,0.0
1074,0.0,0.0,0.0,0.0,0.0,0.0,0.0,0.0,0.0
1075,0.0,0.0,0.0,0.0,0.0,0.0,0.0,0.0,0.0
1076,0.0,0.0,0.0,0.0,0.0,0.0,0.0,0.0,0.0
1077,0.0,0.0,0.0,0.0,0.0,0.0,0.0,0.0,0.0
1078,0.0,0.0,0.0,0.0,0.0,0.0,0.0,0.0,0.0
1079,0.0,0.0,0.0,0.0,0.0,0.0,0.0,0.0,0.0
1080,0.0,0.0,0.0,0.0,0.0,0.0,0.0,0.0,0.0
1081,0.0,0.0,0.0,0.0,0.0,0.0,0.0,0.0,0.0
1082,0.0,0.0,0.0,0.0,0.0,0.0,0.0,0.0,0.0
1083,0.0,0.0,0.0,0.0,0.0,0.0,0.0,0.0,0.0
1084,0.0,0.0,0.0,0.0,0.0,0.0,0.0,0.0,0.0
1085,0.0,0.0,0.0,0.0,0.0,0.0,0.0,0.0,0.0
1086,0.0,0.0,0.0,0.0,0.0,0.0,0.0,0.0,0.0
1087,0.0,0.0,0.0,0.0,0.0,0.0,0.0,0.0,0.0
1088,0.0,0.0,0.0,0.0,0.0,0.0,0.0,0.0,0.0
1089,0.0,0.0,0.0,0.0,0.0,0.0,0.0,0.0,0.0
1090,0.0,0.0,0.0,0.0,0.0,0.0,0.0,0.0,0.0
1091,0.0,0.0,0.0,0.0,0.0,0.0,0.0,0.0,0.0
1092,0.0,0.0,0.0,0.0,0.0,0.0,0.0,0.0,0.0
1093,0.0,0.0,0.0,0.0,0.0,0.0,0.0,0.0,0.0
1094,0.0,0.0,0.0,0.0,0.0,0.0,0.0,0.0,0.0
1095,0.0,0.0,0.0,0.0,0.0,0.0,0.0,0.0,0.0
1096,0.0,0.0,0.0,0.0,0.0,0.0,0.0,0.0,0.0
1097,0.0,0.0,0.0,0.0,0.0,0.0,0.0,0.0,0.0
1098,0.0,0.0,0.0,0.0,0.0,0.0,0.0,0.0,0.0
1099,0.0,0.0,0.0,0.0,0.0,0.0,0.0,0.0,0.0
1100,0.0,0.0,0.0,0.0,0.0,0.0,0.0,0.0,0.0
1101,0.0,0.0,0.0,0.0,0.0,0.0,0.0,0.0,0.0
1102,0.0,0.0,0.0,0.0,0.0,0.0,0.0,0.0,0.0
1103,0.0,0.0,0.0,0.0,0.0,0.0,0.0,0.0,0.0
1104,0.0,0.0,0.0,0.0,0.0,0.0,0.0,0.0,0.0
1105,0.0,0.0,0.0,0.0,0.0,0.0,0.0,0.0,0.0
1106,0.0,0.0,0.0,0.0,0.0,0.0,0.0,0.0,0.0
1107,0.0,0.0,0.0,0.0,0.0,0.0,0.0,0.0,0.0
1108,0.0,0.0,0.0,0.0,0.0,0.0,0.0,0.0,0.0
1109,0.0,0.0,0.0,0.0,0.0,0.0,0.0,0.0,0.0
1110,0.0,0.0,0.0,0.0,0.0,0.0,0.0,0.0,0.0
1111,0.0,0.0,0.0,0.0,0.0,0.0,0.0,0.0,0.0
1112,0.0,0.0,0.0,0.0,0.0,0.0,0.0,0.0,0.0
1113,0.0,0.0,0.0,0.0,0.0,0.0,0.0,0.0,0.0
1114,0.0,0.0,0.0,0.0,0.0,0.0,0.0,0.0,0.0
1115,0.0,0.0,0.0,0.0,0.0,0.0,0.0,0.0,0.0
1116,0.0,0.0,0.0,0.0,0.0,0.0,0.0,0.0,0.0
1117,0.0,0.0,0.0,0.0,0.0,0.0,0.0,0.0,0.0
1118,0.0,0.0,0.0,0.0,0.0,0.0,0.0,0.0,0.0
1119,0.0,0.0,0.0,0.0,0.0,0.0,0.0,0.0,0.0
1120,0.0,0.0,0.0,0.0,0.0,0.0,0.0,0.0,0.0
1121,0.0,0.0,0.0,0.0,0.0,0.0,0.0,0.0,0.0
1122,0.0,0.0,0.0,0.0,0.0,0.0,0.0,0.0,0.0
1123,0.0,0.0,0.0,0.0,0.0,0.0,0.0,0.0,0.0
1124,0.0,0.0,0.0,0.0,0.0,0.0,0.0,0.0,0.0
1125,0.0,0.0,0.0,0.0,0.0,0.0,0.0,0.0,0.0
1126,0.0,0.0,0.0,0.0,0.0,0.0,0.0,0.0,0.0
1127,0.0,0.0,0.0,0.0,0.0,0.0,0.0,0.0,0.0
1128,0.0,0.0,0.0,0.0,0.0,0.0,0.0,0.0,0.0
1129,0.0,0.0,0.0,0.0,0.0,0.0,0.0,0.0,0.0
1130,0.0,0.0,0.0,0.0,0.0,0.0,0.0,0.0,0.0
1131,0.0,0.0,0.0,0.0,0.0,0.0,0.0,0.0,0.0
1132,0.0,0.0,0.0,0.0,0.0,0.0,0.0,0.0,0.0
1133,0.0,0.0,0.0,0.0,0.0,0.0,0.0,0.0,0.0
1134,0.0,0.0,0.0,0.0,0.0,0.0,0.0,0.0,0.0
1135,0.0,0.0,0.0,0.0,0.0,0.0,0.0,0.0,0.0
1136,0.0,0.0,0.0,0.0,0.0,0.0,0.0,0.0,0.0
1137,0.0,0.0,0.0,0.0,0.0,0.0,0.0,0.0,0.0
1138,0.0,0.0,0.0,0.0,0.0,0.0,0.0,0.0,0.0
1139,0.0,0.0,0.0,0.0,0.0,0.0,0.0,0.0,0.0
1140,0.0,0.0,0.0,0.0,0.0,0.0,0.0,0.0,0.0
1141,0.0,0.0,0.0,0.0,0.0,0.0,0.0,0.0,0.0
1142,0.0,0.0,0.0,0.0,0.0,0.0,0.0,0.0,0.0
1143,0.0,0.0,0.0,0.0,0.0,0.0,0.0,0.0,0.0
1144,0.0,0.0,0.0,0.0,0.0,0.0,0.0,0.0,0.0
1145,0.0,0.0,0.0,0.0,0.0,0.0,0.0,0.0,0.0
1146,0.0,0.0,0.0,0.0,0.0,0.0,0.0,0.0,0.0
1147,0.0,0.0,0.0,0.0,0.0,0.0,0.0,0.0,0.0
1148,0.0,0.0,0.0,0.0,0.0,0.0,0.0,0.0,0.0
1149,0.0,0.0,0.0,0.0,0.0,0.0,0.0,0.0,0.0
1150,0.0,0.0,0.0,0.0,0.0,0.0,0.0,0.0,0.0
1151,0.0,0.0,0.0,0.0,0.0,0.0,0.0,0.0,0.0
1152,0.0,0.0,0.0,0.0,0.0,0.0,0.0,0.0,0.0
1153,0.0,0.0,0.0,0.0,0.0,0.0,0.0,0.0,0.0
1154,0.0,0.0,0.0,0.0,0.0,0.0,0.0,0.0,0.0
1155,0.0,0.0,0.0,0.0,0.0,0.0,0.0,0.0,0.0
1156,0.0,0.0,0.0,0.0,0.0,0.0,0.0,0.0,0.0
1157,0.0,0.0,0.0,0.0,0.0,0.0,0.0,0.0,0.0
1158,0.0,0.0,0.0,0.0,0.0,0.0,0.0,0.0,0.0
1159,0.0,0.0,0.0,0.0,0.0,0.0,0.0,0.0,0.0
1160,0.0,0.0,0.0,0.0,0.0,0.0,0.0,0.0,0.0
1161,0.0,0.0,0.0,0.0,0.0,0.0,0.0,0.0,0.0
1162,0.0,0.0,0.0,0.0,0.0,0.0,0.0,0.0,0.0
1163,0.0,0.0,0.0,0.0,0.0,0.0,0.0,0.0,0.0
1164,0.0,0.0,0.0,0.0,0.0,0.0,0.0,0.0,0.0
1165,0.0,0.0,0.0,0.0,0.0,0.0,0.0,0.0,0.0
1166,0.0,0.0,0.0,0.0,0.0,0.0,0.0,0.0,0.0
1167,0.0,0.0,0.0,0.0,0.0,0.0,0.0,0.0,0.0
1168,0.0,0.0,0.0,0.0,0.0,0.0,0.0,0.0,0.0
1169,0.0,0.0,0.0,0.0,0.0,0.0,0.0,0.0,0.0
1170,0.0,0.0,0.0,0.0,0.0,0.0,0.0,0.0,0.0
1171,0.0,0.0,0.0,0.0,0.0,0.0,0.0,0.0,0.0
1172,0.0,0.0,0.0,0.0,0.0,0.0,0.0,0.0,0.0
1173,0.0,0.0,0.0,0.0,0.0,0.0,0.0,0.0,0.0
1174,0.0,0.0,0.0,0.0,0.0,0.0,0.0,0.0,0.0
1175,0.0,0.0,0.0,0.0,0.0,0.0,0.0,0.0,0.0
1176,0.0,0.0,0.0,0.0,0.0,0.0,0.0,0.0,0.0
1177,0.0,0.0,0.0,0.0,0.0,0.0,0.0,0.0,0.0
1178,0.0,0.0,0.0,0.0,0.0,0.0,0.0,0.0,0.0
1179,0.0,0.0,0.0,0.0,0.0,0.0,0.0,0.0,0.0
1180,0.0,0.0,0.0,0.0,0.0,0.0,0.0,0.0,0.0
1181,0.0,0.0,0.0,0.0,0.0,0.0,0.0,0.0,0.0
1182,0.0,0.0,0.0,0.0,0.0,0.0,0.0,0.0,0.0
1183,0.0,0.0,0.0,0.0,0.0,0.0,0.0,0.0,0.0
1184,0.0,0.0,0.0,0.0,0.0,0.0,0.0,0.0,0.0
1185,0.0,0.0,0.0,0.0,0.0,0.0,0.0,0.0,0.0
1186,0.0,0.0,0.0,0.0,0.0,0.0,0.0,0.0,0.0
1187,0.0,0.0,0.0,0.0,0.0,0.0,0.0,0.0,0.0
1188,0.0,0.0,0.0,0.0,0.0,0.0,0.0,0.0,0.0
1189,0.0,0.0,0.0,0.0,0.0,0.0,0.0,0.0,0.0
1190,0.0,0.0,0.0,0.0,0.0,0.0,0.0,0.0,0.0
1191,0.0,0.0,0.0,0.0,0.0,0.0,0.0,0.0,0.0
1192,0.0,0.0,0.0,0.0,0.0,0.0,0.0,0.0,0.0
1193,0.0,0.0,0.0,0.0,0.0,0.0,0.0,0.0,0.0
1194,0.0,0.0,0.0,0.0,0.0,0.0,0.0,0.0,0.0
1195,0.0,0.0,0.0,0.0,0.0,0.0,0.0,0.0,0.0
1196,0.0,0.0,0.0,0.0,0.0,0.0,0.0,0.0,0.0
1197,0.0,0.0,0.0,0.0,0.0,0.0,0.0,0.0,0.0
1198,0.0,0.0,0.0,0.0,0.0,0.0,0.0,0.0,0.0
1199,0.0,0.0,0.0,0.0,0.0,0.0,0.0,0.0,0.0
1200,0.0,0.0,0.0,0.0,0.0,0.0,0.0,0.0,0.0
1201,0.0,0.0,0.0,0.0,0.0,0.0,0.0,0.0,0.0
1202,0.0,0.0,0.0,0.0,0.0,0.0,0.0,0.0,0.0
1203,0.0,0.0,0.0,0.0,0.0,0.0,0.0,0.0,0.0
1204,0.0,0.0,0.0,0.0,0.0,0.0,0.0,0.0,0.0
1205,0.0,0.0,0.0,0.0,0.0,0.0,0.0,0.0,0.0
1206,0.0,0.0,0.0,0.0,0.0,0.0,0.0,0.0,0.0
1207,0.0,0.0,0.0,0.0,0.0,0.0,0.0,0.0,0.0
1208,0.0,0.0,0.0,0.0,0.0,0.0,0.0,0.0,0.0
1209,0.0,0.0,0.0,0.0,0.0,0.0,0.0,0.0,0.0
1210,0.0,0.0,0.0,0.0,0.0,0.0,0.0,0.0,0.0
1211,0.0,0.0,0.0,0.0,0.0,0.0,0.0,0.0,0.0
1212,0.0,0.0,0.0,0.0,0.0,0.0,0.0,0.0,0.0
1213,0.0,0.0,0.0,0.0,0.0,0.0,0.0,0.0,0.0
1214,0.0,0.0,0.0,0.0,0.0,0.0,0.0,0.0,0.0
1215,0.0,0.0,0.0,0.0,0.0,0.0,0.0,0.0,0.0
1216,0.0,0.0,0.0,0.0,0.0,0.0,0.0,0.0,0.0
1217,0.0,0.0,0.0,0.0,0.0,0.0,0.0,0.0,0.0
1218,0.0,0.0,0.0,0.0,0.0,0.0,0.0,0.0,0.0
1219,0.0,0.0,0.0,0.0,0.0,0.0,0.0,0.0,0.0
1220,0.0,0.0,0.0,0.0,0.0,0.0,0.0,0.0,0.0
1221,0.0,0.0,0.0,0.0,0.0,0.0,0.0,0.0,0.0
1222,0.0,0.0,0.0,0.0,0.0,0.0,0.0,0.0,0.0
1223,0.0,0.0,0.0,0.0,0.0,0.0,0.0,0.0,0.0
1224,0.0,0.0,0.0,0.0,0.0,0.0,0.0,0.0,0.0
1225,0.0,0.0,0.0,0.0,0.0,0.0,0.0,0.0,0.0
1226,0.0,0.0,0.0,0.0,0.0,0.0,0.0,0.0,0.0
1227,0.0,0.0,0.0,0.0,0.0,0.0,0.0,0.0,0.0
1228,0.0,0.0,0.0,0.0,0.0,0.0,0.0,0.0,0.0
1229,0.0,0.0,0.0,0.0,0.0,0.0,0.0,0.0,0.0
1230,0.0,0.0,0.0,0.0,0.0,0.0,0.0,0.0,0.0
1231,0.0,0.0,0.0,0.0,0.0,0.0,0.0,0.0,0.0
1232,0.0,0.0,0.0,0.0,0.0,0.0,0.0,0.0,0.0
1233,0.0,0.0,0.0,0.0,0.0,0.0,0.0,0.0,0.0
1234,0.0,0.0,0.0,0.0,0.0,0.0,0.0,0.0,0.0
1235,0.0,0.0,0.0,0.0,0.0,0.0,0.0,0.0,0.0
1236,0.0,0.0,0.0,0.0,0.0,0.0,0.0,0.0,0.0
1237,0.0,0.0,0.0,0.0,0.0,0.0,0.0,0.0,0.0
1238,0.0,0.0,0.0,0.0,0.0,0.0,0.0,0.0,0.0
1239,0.0,0.0,0.0,0.0,0.0,0.0,0.0,0.0,0.0
1240,0.0,0.0,0.0,0.0,0.0,0.0,0.0,0.0,0.0
1241,0.0,0.0,0.0,0.0,0.0,0.0,0.0,0.0,0.0
1242,0.0,0.0,0.0,0.0,0.0,0.0,0.0,0.0,0.0
1243,0.0,0.0,0.0,0.0,0.0,0.0,0.0,0.0,0.0
1244,0.0,0.0,0.0,0.0,0.0,0.0,0.0,0.0,0.0
1245,0.0,0.0,0.0,0.0,0.0,0.0,0.0,0.0,0.0
1246,0.0,0.0,0.0,0.0,0.0,0.0,0.0,0.0,0.0
1247,0.0,0.0,0.0,0.0,0.0,0.0,0.0,0.0,0.0
1248,0.0,0.0,0.0,0.0,0.0,0.0,0.0,0.0,0.0
1249,0.0,0.0,0.0,0.0,0.0,0.0,0.0,0.0,0.0
1250,0.0,0.0,0.0,0.0,0.0,0.0,0.0,0.0,0.0
1251,0.0,0.0,0.0,0.0,0.0,0.0,0.0,0.0,0.0
1252,0.0,0.0,0.0,0.0,0.0,0.0,0.0,0.0,0.0
1253,0.0,0.0,0.0,0.0,0.0,0.0,0.0,0.0,0.0
1254,0.0,0.0,0.0,0.0,0.0,0.0,0.0,0.0,0.0
1255,0.0,0.0,0.0,0.0,0.0,0.0,0.0,0.0,0.0
1256,0.0,0.0,0.0,0.0,0.0,0.0,0.0,0.0,0.0
1257,0.0,0.0,0.0,0.0,0.0,0.0,0.0,0.0,0.0
1258,0.0,0.0,0.0,0.0,0.0,0.0,0.0,0.0,0.0
1259,0.0,0.0,0.0,0.0,0.0,0.0,0.0,0.0,0.0
1260,0.0,0.0,0.0,0.0,0.0,0.0,0.0,0.0,0.0
1261,0.0,0.0,0.0,0.0,0.0,0.0,0.0,0.0,0.0
1262,0.0,0.0,0.0,0.0,0.0,0.0,0.0,0.0,0.0
1263,0.0,0.0,0.0,0.0,0.0,0.0,0.0,0.0,0.0
1264,0.0,0.0,0.0,0.0,0.0,0.0,0.0,0.0,0.0
1265,0.0,0.0,0.0,0.0,0.0,0.0,0.0,0.0,0.0
1266,0.0,0.0,0.0,0.0,0.0,0.0,0.0,0.0,0.0
1267,0.0,0.0,0.0,0.0,0.0,0.0,0.0,0.0,0.0
1268,0.0,0.0,0.0,0.0,0.0,0.0,0.0,0.0,0.0
1269,0.0,0.0,0.0,0.0,0.0,0.0,0.0,0.0,0.0
1270,0.0,0.0,0.0,0.0,0.0,0.0,0.0,0.0,0.0
1271,0.0,0.0,0.0,0.0,0.0,0.0,0.0,0.0,0.0
1272,0.0,0.0,0.0,0.0,0.0,0.0,0.0,0.0,0.0
1273,0.0,0.0,0.0,0.0,0.0,0.0,0.0,0.0,0.0
1274,0.0,0.0,0.0,0.0,0.0,0.0,0.0,0.0,0.0
1275,0.0,0.0,0.0,0.0,0.0,0.0,0.0,0.0,0.0
1276,0.0,0.0,0.0,0.0,0.0,0.0,0.0,0.0,0.0
1277,0.0,0.0,0.0,0.0,0.0,0.0,0.0,0.0,0.0
1278,0.0,0.0,0.0,0.0,0.0,0.0,0.0,0.0,0.0
1279,0.0,0.0,0.0,0.0,0.0,0.0,0.0,0.0,0.0
1280,0.0,0.0,0.0,0.0,0.0,0.0,0.0,0.0,0.0
1281,0.0,0.0,0.0,0.0,0.0,0.0,0.0,0.0,0.0
1282,0.0,0.0,0.0,0.0,0.0,0.0,0.0,0.0,0.0
1283,0.0,0.0,0.0,0.0,0.0,0.0,0.0,0.0,0.0
1284,0.0,0.0,0.0,0.0,0.0,0.0,0.0,0.0,0.0
1285,0.0,0.0,0.0,0.0,0.0,0.0,0.0,0.0,0.0
1286,0.0,0.0,0.0,0.0,0.0,0.0,0.0,0.0,0.0
1287,0.0,0.0,0.0,0.0,0.0,0.0,0.0,0.0,0.0
1288,0.0,0.0,0.0,0.0,0.0,0.0,0.0,0.0,0.0
1289,0.0,0.0,0.0,0.0,0.0,0.0,0.0,0.0,0.0
1290,0.0,0.0,0.0,0.0,0.0,0.0,0.0,0.0,0.0
1291,0.0,0.0,0.0,0.0,0.0,0.0,0.0,0.0,0.0
1292,0.0,0.0,0.0,0.0,0.0,0.0,0.0,0.0,0.0
1293,0.0,0.0,0.0,0.0,0.0,0.0,0.0,0.0,0.0
1294,0.0,0.0,0.0,0.0,0.0,0.0,0.0,0.0,0.0
1295,0.0,0.0,0.0,0.0,0.0,0.0,0.0,0.0,0.0
1296,0.0,0.0,0.0,0.0,0.0,0.0,0.0,0.0,0.0
1297,0.0,0.0,0.0,0.0,0.0,0.0,0.0,0.0,0.0
1298,0.0,0.0,0.0,0.0,0.0,0.0,0.0,0.0,0.0
1299,0.0,0.0,0.0,0.0,0.0,0.0,0.0,0.0,0.0
1300,0.0,0.0,0.0,0.0,0.0,0.0,0.0,0.0,0.0
1301,0.0,0.0,0.0,0.0,0.0,0.0,0.0,0.0,0.0
1302,0.0,0.0,0.0,0.0,0.0,0.0,0.0,0.0,0.0
1303,0.0,0.0,0.0,0.0,0.0,0.0,0.0,0.0,0.0
1304,0.0,0.0,0.0,0.0,0.0,0.0,0.0,0.0,0.0
1305,0.0,0.0,0.0,0.0,0.0,0.0,0.0,0.0,0.0
1306,0.0,0.0,0.0,0.0,0.0,0.0,0.0,0.0,0.0
1307,0.0,0.0,0.0,0.0,0.0,0.0,0.0,0.0,0.0
1308,0.0,0.0,0.0,0.0,0.0,0.0,0.0,0.0,0.0
1309,0.0,0.0,0.0,0.0,0.0,0.0,0.0,0.0,0.0
1310,0.0,0.0,0.0,0.0,0.0,0.0,0.0,0.0,0.0
1311,0.0,0.0,0.0,0.0,0.0,0.0,0.0,0.0,0.0
1312,0.0,0.0,0.0,0.0,0.0,0.0,0.0,0.0,0.0
1313,0.0,0.0,0.0,0.0,0.0,0.0,0.0,0.0,0.0
1314,0.0,0.0,0.0,0.0,0.0,0.0,0.0,0.0,0.0
1315,0.0,0.0,0.0,0.0,0.0,0.0,0.0,0.0,0.0
1316,0.0,0.0,0.0,0.0,0.0,0.0,0.0,0.0,0.0
1317,0.0,0.0,0.0,0.0,0.0,0.0,0.0,0.0,0.0
1318,0.0,0.0,0.0,0.0,0.0,0.0,0.0,0.0,0.0
1319,0.0,0.0,0.0,0.0,0.0,0.0,0.0,0.0,0.0
1320,0.0,0.0,0.0,0.0,0.0,0.0,0.0,0.0,0.0
1321,0.0,0.0,0.0,0.0,0.0,0.0,0.0,0.0,0.0
1322,0.0,0.0,0.0,0.0,0.0,0.0,0.0,0.0,0.0
1323,0.0,0.0,0.0,0.0,0.0,0.0,0.0,0.0,0.0
1324,0.0,0.0,0.0,0.0,0.0,0.0,0.0,0.0,0.0
1325,0.0,0.0,0.0,0.0,0.0,0.0,0.0,0.0,0.0
1326,0.0,0.0,0.0,0.0,0.0,0.0,0.0,0.0,0.0
1327,0.0,0.0,0.0,0.0,0.0,0.0,0.0,0.0,0.0
1328,0.0,0.0,0.0,0.0,0.0,0.0,0.0,0.0,0.0
1329,0.0,0.0,0.0,0.0,0.0,0.0,0.0,0.0,0.0
1330,0.0,0.0,0.0,0.0,0.0,0.0,0.0,0.0,0.0
1331,0.0,0.0,0.0,0.0,0.0,0.0,0.0,0.0,0.0
1332,0.0,0.0,0.0,0.0,0.0,0.0,0.0,0.0,0.0
1333,0.0,0.0,0.0,0.0,0.0,0.0,0.0,0.0,0.0
1334,0.0,0.0,0.0,0.0,0.0,0.0,0.0,0.0,0.0
1335,0.0,0.0,0.0,0.0,0.0,0.0,0.0,0.0,0.0
1336,0.0,0.0,0.0,0.0,0.0,0.0,0.0,0.0,0.0
1337,0.0,0.0,0.0,0.0,0.0,0.0,0.0,0.0,0.0
1338,0.0,0.0,0.0,0.0,0.0,0.0,0.0,0.0,0.0
1339,0.0,0.0,0.0,0.0,0.0,0.0,0.0,0.0,0.0
1340,0.0,0.0,0.0,0.0,0.0,0.0,0.0,0.0,0.00026506
1341,0.0,0.0,0.0,0.0,0.0,0.0,0.0,0.0,0.00027827
1342,0.0,0.0,0.0,0.0,0.0,0.0,0.0,0.0,0.00029157
1343,0.0,0.0,0.0,0.0,0.0,0.0,0.0,0.0,0.00031
1344,0.0,0.0,0.0,0.0,0.0,0.0,0.0,0.0,0.00035024
1345,0.0,0.0,0.0,0.0,0.0,0.0,0.0,0.0,0.00041722
1346,0.0,0.0,0.0,0.0,0.0,0.0,0.0,0.0,0.00048776
1347,0.0,0.0,0.0,0.0,0.0,0.0,0.0,0.0,0.00056054
1348,0.0,0.0,0.0,0.0,0.0,0.0,0.0,0.0,0.00063477
1349,0.0,0.0,0.0,0.0,0.0,0.0,0.0,0.0,0.00071
1350,0.0,0.0,0.0,0.0,0.0,0.0,0.0,0.0,0.00078595
1351,0.0,0.0,0.0,0.0,0.0,0.0,0.0,0.0,0.00086243
1352,0.0,0.0,0.0,0.0,0.0,0.0,0.0,0.0,0.0009393
1353,0.0,0.0,0.0,0.0,0.0,0.0,0.0,0.0,0.00101648
1354,0.0,0.0,0.0,0.0,0.0,0.0,0.0,0.0,0.0010939
1355,0.0,0.0,0.0,0.0,0.0,0.0,0.0,0.0,0.00138584
1356,0.0,0.0,0.0,0.0,0.0,0.0,0.0,0.0,0.00200746
1357,0.0,0.0,0.0,0.0,0.0,0.0,0.0,0.0,0.00323571
1358,0.0,0.0,0.0,0.0,0.0,0.0,0.0,0.0,0.00449486
1359,0.0,0.0,0.0,0.0,0.0,0.0,0.0,0.0,0.00961476
1360,0.0,0.0,0.0,0.0,0.0,0.0,0.0,0.0,0.01484706
1361,0.0,0.0,0.0,0.0,0.0,0.0,0.0,0.0,0.02252432
1362,0.0,0.0,0.0,0.0,0.0,0.0,0.0,0.0,0.02922166
1363,0.0,0.0,0.0,0.0,0.0,0.0,0.0,0.0,0.03699102
1364,0.0,0.0,0.0,0.0,0.0,0.0,0.0,0.0,0.03234074
1365,0.0,0.0,0.0,0.0,0.0,0.0,0.0,0.0,0.03118118
1366,0.0,0.0,0.0,0.0,0.0,0.0,0.0,0.0,0.02854618
1367,0.0,0.0,0.0,0.0,0.0,0.0,0.0,0.0,0.02569911
1368,0.0,0.0,0.0,0.0,0.0,0.0,0.0,0.0,0.0221809
1369,0.0,0.0,0.0,0.0,0.0,0.0,0.0,0.0,0.01909452
1370,0.0,0.0,0.0,0.0,0.0,0.0,0.0,0.0,0.01628841
1371,0.0,0.0,0.0,0.0,0.0,0.0,0.0,0.0,0.01375465
1372,0.0,0.0,0.0,0.0,0.0,0.0,0.0,0.0,0.01174068
1373,0.0,0.0,0.0,0.0,0.0,0.0,0.0,0.0,0.01110814
1374,0.0,0.0,0.0,0.0,0.0,0.0,0.0,0.0,0.00960043
1375,0.0,0.0,0.0,0.0,0.0,0.0,0.0,0.0,0.00780693
1376,0.0,0.0,0.0,0.0,0.0,0.0,0.0,0.0,0.00532023
1377,0.0,0.0,0.0,0.0,0.0,0.0,0.0,0.0,0.00352648
1378,0.0,0.0,0.0,0.0,0.0,0.0,0.0,0.0,0.00482759
1379,0.0,0.0,0.0,0.0,0.0,0.0,0.0,0.0,0.0075812
1380,0.0,0.0,0.0,0.0,0.0,0.0,0.0,0.0,0.01136889
1381,0.0,0.0,0.0,0.0,0.0,0.0,0.0,0.0,0.01844511
1382,0.0,0.0,0.0,0.0,0.0,0.0,0.0,0.0,0.02966425
1383,0.0,0.0,0.0,0.0,0.0,0.0,0.0,0.0,0.03857381
1384,0.0,0.0,0.0,0.0,0.0,0.0,0.0,0.0,0.04020107
1385,0.0,0.0,0.0,0.0,0.0,0.0,0.0,0.0,0.03043219
1386,0.0,0.0,0.0,0.0,0.0,0.0,0.0,0.0,0.02077487
1387,0.0,0.0,0.0,0.0,0.0,0.0,0.0,0.0,0.01260297
1388,0.0,0.0,0.0,0.0,0.0,0.0,0.0,0.0,0.00744497
1389,0.0,0.0,0.0,0.0,0.0,0.0,0.0,0.0,0.00421947
1390,0.0,0.0,0.0,0.0,0.0,0.0,0.0,0.0,0.00254579
1391,0.0,0.0,0.0,0.0,0.0,0.0,0.0,0.0,0.00163372
1392,0.0,0.0,0.0,0.0,0.0,0.0,0.0,0.0,0.00107541
1393,0.0,0.0,0.0,0.0,0.0,0.0,0.0,0.0,0.00076435
1394,0.0,0.0,0.0,0.0,0.0,0.0,0.0,0.0,0.00051719
1395,0.0,0.0,0.0,0.0,0.0,0.0,0.0,0.0,0.00037206
1396,0.0,0.0,0.0,0.0,0.0,0.0,0.0,0.0,0.00026485
1397,0.0,0.0,0.0,0.0,0.0,0.0,0.0,0.0,0.00018838
1398,0.0,0.0,0.0,0.0,0.0,0.0,0.0,0.0,0.00015938
1399,0.0,0.0,0.0,0.0,0.0,0.0,0.0,0.0,0.00012712
1400,0.0,0.0,0.0,0.0,0.0,0.0,0.0,0.0,0.00010889
1401,0.0,0.0,0.0,0.0,0.0,0.0,0.0,0.0,9.202e-05
1402,0.0,0.0,0.0,0.0,0.0,0.0,0.0,0.0,8.399e-05
1403,0.0,0.0,0.0,0.0,0.0,0.0,0.0,0.0,7.591e-05
1404,0.0,0.0,0.0,0.0,0.0,0.0,0.0,0.0,7.098e-05
1405,0.0,0.0,0.0,0.0,0.0,0.0,0.0,0.0,6.821e-05
1406,0.0,0.0,0.0,0.0,0.0,0.0,0.0,0.0,6.661e-05
1407,0.0,0.0,0.0,0.0,0.0,0.0,0.0,0.0,6.494e-05
1408,0.0,0.0,0.0,0.0,0.0,0.0,0.0,0.0,6.351e-05
1409,0.0,0.0,0.0,0.0,0.0,0.0,0.0,0.0,6.236e-05
1410,0.0,0.0,0.0,0.0,0.0,0.0,0.0,0.0,0.0
1411,0.0,0.0,0.0,0.0,0.0,0.0,0.0,0.0,0.0
1412,0.0,0.0,0.0,0.0,0.0,0.0,0.0,0.0,0.0
1413,0.0,0.0,0.0,0.0,0.0,0.0,0.0,0.0,0.0
1414,0.0,0.0,0.0,0.0,0.0,0.0,0.0,0.0,0.0
1415,0.0,0.0,0.0,0.0,0.0,0.0,0.0,0.0,0.0
1416,0.0,0.0,0.0,0.0,0.0,0.0,0.0,0.0,0.0
1417,0.0,0.0,0.0,0.0,0.0,0.0,0.0,0.0,0.0
1418,0.0,0.0,0.0,0.0,0.0,0.0,0.0,0.0,0.0
1419,0.0,0.0,0.0,0.0,0.0,0.0,0.0,0.0,0.0
1420,0.0,0.0,0.0,0.0,0.0,0.0,0.0,0.0,0.0
1421,0.0,0.0,0.0,0.0,0.0,0.0,0.0,0.0,0.0
1422,0.0,0.0,0.0,0.0,0.0,0.0,0.0,0.0,0.0
1423,0.0,0.0,0.0,0.0,0.0,0.0,0.0,0.0,0.0
1424,0.0,0.0,0.0,0.0,0.0,0.0,0.0,0.0,0.0
1425,0.0,0.0,0.0,0.0,0.0,0.0,0.0,0.0,0.0
1426,0.0,0.0,0.0,0.0,0.0,0.0,0.0,0.0,0.0
1427,0.0,0.0,0.0,0.0,0.0,0.0,0.0,0.0,0.0
1428,0.0,0.0,0.0,0.0,0.0,0.0,0.0,0.0,0.0
1429,0.0,0.0,0.0,0.0,0.0,0.0,0.0,0.0,0.0
1430,0.0,0.0,0.0,0.0,0.0,0.0,0.0,0.0,0.0
1431,0.0,0.0,0.0,0.0,0.0,0.0,0.0,0.0,0.0
1432,0.0,0.0,0.0,0.0,0.0,0.0,0.0,0.0,0.0
1433,0.0,0.0,0.0,0.0,0.0,0.0,0.0,0.0,0.0
1434,0.0,0.0,0.0,0.0,0.0,0.0,0.0,0.0,0.0
1435,0.0,0.0,0.0,0.0,0.0,0.0,0.0,0.0,0.0
1436,0.0,0.0,0.0,0.0,0.0,0.0,0.0,0.0,0.0
1437,0.0,0.0,0.0,0.0,0.0,0.0,0.0,0.0,0.0
1438,0.0,0.0,0.0,0.0,0.0,0.0,0.0,0.0,0.0
1439,0.0,0.0,0.0,0.0,0.0,0.0,0.0,0.0,0.0
1440,0.0,0.0,0.0,0.0,0.0,0.0,0.0,0.0,0.0
1441,0.0,0.0,0.0,0.0,0.0,0.0,0.0,0.0,0.0
1442,0.0,0.0,0.0,0.0,0.0,0.0,0.0,0.0,0.0
1443,0.0,0.0,0.0,0.0,0.0,0.0,0.0,0.0,0.0
1444,0.0,0.0,0.0,0.0,0.0,0.0,0.0,0.0,0.0
1445,0.0,0.0,0.0,0.0,0.0,0.0,0.0,0.0,0.0
1446,0.0,0.0,0.0,0.0,0.0,0.0,0.0,0.0,0.0
1447,0.0,0.0,0.0,0.0,0.0,0.0,0.0,0.0,0.0
1448,0.0,0.0,0.0,0.0,0.0,0.0,0.0,0.0,0.0
1449,0.0,0.0,0.0,0.0,0.0,0.0,0.0,0.0,0.0
1450,0.0,0.0,0.0,0.0,0.0,0.0,0.0,0.0,0.0
1451,0.0,0.0,0.0,0.0,0.0,0.0,0.0,0.0,0.0
1452,0.0,0.0,0.0,0.0,0.0,0.0,0.0,0.0,0.0
1453,0.0,0.0,0.0,0.0,0.0,0.0,0.0,0.0,0.0
1454,0.0,0.0,0.0,0.0,0.0,0.0,0.0,0.0,0.0
1455,0.0,0.0,0.0,0.0,0.0,0.0,0.0,0.0,0.0
1456,0.0,0.0,0.0,0.0,0.0,0.0,0.0,0.0,0.0
1457,0.0,0.0,0.0,0.0,0.0,0.0,0.0,0.0,0.0
1458,0.0,0.0,0.0,0.0,0.0,0.0,0.0,0.0,0.0
1459,0.0,0.0,0.0,0.0,0.0,0.0,0.0,0.0,0.0
1460,0.0,0.0,0.0,0.0,0.0,0.0,0.0,0.0,0.0
1461,0.0,0.0,0.0,0.0,0.0,0.0,0.0,0.0,0.0
1462,0.0,0.0,0.0,0.0,0.0,0.0,0.0,0.0,0.0
1463,0.0,0.0,0.0,0.0,0.0,0.0,0.0,0.0,0.0
1464,0.0,0.0,0.0,0.0,0.0,0.0,0.0,0.0,0.0
1465,0.0,0.0,0.0,0.0,0.0,0.0,0.0,0.0,0.0
1466,0.0,0.0,0.0,0.0,0.0,0.0,0.0,0.0,0.0
1467,0.0,0.0,0.0,0.0,0.0,0.0,0.0,0.0,0.0
1468,0.0,0.0,0.0,0.0,0.0,0.0,0.0,0.0,0.0
1469,0.0,0.0,0.0,0.0,0.0,0.0,0.0,0.0,0.0
1470,0.0,0.0,0.0,0.0,0.0,0.0,0.0,0.0,0.0
1471,0.0,0.0,0.0,0.0,0.0,0.0,0.0,0.0,0.0
1472,0.0,0.0,0.0,0.0,0.0,0.0,0.0,0.0,0.0
1473,0.0,0.0,0.0,0.0,0.0,0.0,0.0,0.0,0.0
1474,0.0,0.0,0.0,0.0,0.0,0.0,0.0,0.0,0.0
1475,0.0,0.0,0.0,0.0,0.0,0.0,0.0,0.0,0.0
1476,0.0,0.0,0.0,0.0,0.0,0.0,0.0,0.0,0.0
1477,0.0,0.0,0.0,0.0,0.0,0.0,0.0,0.0,0.0
1478,0.0,0.0,0.0,0.0,0.0,0.0,0.0,0.0,0.0
1479,0.0,0.0,0.0,0.0,0.0,0.0,0.0,0.0,0.0
1480,0.0,0.0,0.0,0.0,0.0,0.0,0.0,0.0,0.0
1481,0.0,0.0,0.0,0.0,0.0,0.0,0.0,0.0,0.0
1482,0.0,0.0,0.0,0.0,0.0,0.0,0.0,0.0,0.0
1483,0.0,0.0,0.0,0.0,0.0,0.0,0.0,0.0,0.0
1484,0.0,0.0,0.0,0.0,0.0,0.0,0.0,0.0,0.0
1485,0.0,0.0,0.0,0.0,0.0,0.0,0.0,0.0,0.0
1486,0.0,0.0,0.0,0.0,0.0,0.0,0.0,0.0,0.0
1487,0.0,0.0,0.0,0.0,0.0,0.0,0.0,0.0,0.0
1488,0.0,0.0,0.0,0.0,0.0,0.0,0.0,0.0,0.0
1489,0.0,0.0,0.0,0.0,0.0,0.0,0.0,0.0,0.0
1490,0.0,0.0,0.0,0.0,0.0,0.0,0.0,0.0,0.0
1491,0.0,0.0,0.0,0.0,0.0,0.0,0.0,0.0,0.0
1492,0.0,0.0,0.0,0.0,0.0,0.0,0.0,0.0,0.0
1493,0.0,0.0,0.0,0.0,0.0,0.0,0.0,0.0,0.0
1494,0.0,0.0,0.0,0.0,0.0,0.0,0.0,0.0,0.0
1495,0.0,0.0,0.0,0.0,0.0,0.0,0.0,0.0,0.0
1496,0.0,0.0,0.0,0.0,0.0,0.0,0.0,0.0,0.0
1497,0.0,0.0,0.0,0.0,0.0,0.0,0.0,0.0,0.0
1498,0.0,0.0,0.0,0.0,0.0,0.0,0.0,0.0,0.0
1499,0.0,0.0,0.0,0.0,0.0,0.0,0.0,0.0,0.0
1500,0.0,0.0,0.0,0.0,0.0,0.0,0.0,0.0,0.0
1501,0.0,0.0,0.0,0.0,0.0,0.0,0.0,0.0,0.0
1502,0.0,0.0,0.0,0.0,0.0,0.0,0.0,0.0,0.0
1503,0.0,0.0,0.0,0.0,0.0,0.0,0.0,0.0,0.0
1504,0.0,0.0,0.0,0.0,0.0,0.0,0.0,0.0,0.0
1505,0.0,0.0,0.0,0.0,0.0,0.0,0.0,0.0,0.0
1506,0.0,0.0,0.0,0.0,0.0,0.0,0.0,0.0,0.0
1507,0.0,0.0,0.0,0.0,0.0,0.0,0.0,0.0,0.0
1508,0.0,0.0,0.0,0.0,0.0,0.0,0.0,0.0,0.0
1509,0.0,0.0,0.0,0.0,0.0,0.0,0.0,0.0,0.0
1510,0.0,0.0,0.0,0.0,0.0,0.0,0.0,0.0,0.0
1511,0.0,0.0,0.0,0.0,0.0,0.0,0.0,0.0,0.0
1512,0.0,0.0,0.0,0.0,0.0,0.0,0.0,0.0,0.0
1513,0.0,0.0,0.0,0.0,0.0,0.0,0.0,0.0,0.0
1514,0.0,0.0,0.0,0.0,0.0,0.0,0.0,0.0,0.0
1515,0.0,0.0,0.0,0.0,0.0,0.00020225,0.0,0.0,0.0
1516,0.0,0.0,0.0,0.0,0.0,0.00020725,0.0,0.0,0.0
1517,0.0,0.0,0.0,0.0,0.0,0.00021253,0.0,0.0,0.0
1518,0.0,0.0,0.0,0.0,0.0,0.0002183,0.0,0.0,0.0
1519,0.0,0.0,0.0,0.0,0.0,0.00022524,0.0,0.0,0.0
1520,0.0,0.0,0.0,0.0,0.0,0.0002326,0.0,0.0,0.0
1521,0.0,0.0,0.0,0.0,0.0,0.00024069,0.0,0.0,0.0
1522,0.0,0.0,0.0,0.0,0.0,0.00025035,0.0,0.0,0.0
1523,0.0,0.0,0.0,0.0,0.0,0.00026089,0.0,0.0,0.0
1524,0.0,0.0,0.0,0.0,0.0,0.00027179,0.0,0.0,0.0
1525,0.0,0.0,0.0,0.0,0.0,0.00028513,0.0,0.0,0.0
1526,0.0,0.0,0.0,0.0,0.0,0.00030096,0.0,0.0,0.0
1527,0.0,0.0,0.0,0.0,0.0,0.00031854,0.0,0.0,0.0
1528,0.0,0.0,0.0,0.0,0.0,0.00033802,0.0,0.0,0.0
1529,0.0,0.0,0.0,0.0,0.0,0.00036022,0.0,0.0,0.0
1530,0.0,0.0,0.0,0.0,0.0,0.00038673,0.0,0.0,0.0
1531,0.0,0.0,0.0,0.0,0.0,0.00042007,0.0,0.0,0.0
1532,0.0,0.0,0.0,0.0,0.0,0.00045493,0.0,0.0,0.0
1533,0.0,0.0,0.0,0.0,0.0,0.00050296,0.0,0.0,0.0
1534,0.0,0.0,0.0,0.0,0.0,0.00055175,0.0,0.0,0.0
1535,0.0,0.0,0.0,0.0,0.0,0.0006188,0.0,0.0,0.0
1536,0.0,0.0,0.0,0.0,0.0,0.0006812,0.0,0.0,0.0
1537,0.0,0.0,0.0,0.0,0.0,0.00073509,0.0,0.0,0.0
1538,0.0,0.0,0.0,0.0,0.0,0.00081885,0.0,0.0,0.0
1539,0.0,0.0,0.0,0.0,0.0,0.00094617,0.0,0.0,0.0
1540,0.0,0.0,0.0,0.0,0.0,0.00107916,0.0,0.0,0.0
1541,0.0,0.0,0.0,0.0,0.0,0.00123011,0.0,0.0,0.0
1542,0.0,0.0,0.0,0.0,0.0,0.00139979,0.0,0.0,0.0
1543,0.0,0.0,0.0,0.0,0.0,0.00163284,0.0,0.0,0.0
1544,0.0,0.0,0.0,0.0,0.0,0.00186791,0.0,0.0,0.0
1545,0.0,0.0,0.0,0.0,0.0,0.00221557,0.0,0.0,0.0
1546,0.0,0.0,0.0,0.0,0.0,0.00256931,0.0,0.0,0.0
1547,0.0,0.0,0.0,0.0,0.0,0.0029446,0.0,0.0,0.0
1548,0.0,0.0,0.0,0.0,0.0,0.00354414,0.0,0.0,0.0
1549,0.0,0.0,0.0,0.0,0.0,0.00417824,0.0,0.0,0.0
1550,0.0,0.0,0.0,0.0,0.0,0.00478923,0.0,0.0,0.0
1551,0.0,0.0,0.0,0.0,0.0,0.00552843,0.0,0.0,0.0
1552,0.0,0.0,0.0,0.0,0.0,0.00638455,0.0,0.0,0.0
1553,0.0,0.0,0.0,0.0,0.0,0.0073264,0.0,0.0,0.0
1554,0.0,0.0,0.0,0.0,0.0,0.0085333,0.0,0.0,0.0
1555,0.0,0.0,0.0,0.0,0.0,0.00983309,0.0,0.0,0.0
1556,0.0,0.0,0.0,0.0,0.0,0.01109214,0.0,0.0,0.0
1557,0.0,0.0,0.0,0.0,0.0,0.01212692,0.0,0.0,0.0
1558,0.0,0.0,0.0,0.0,0.0,0.01346629,0.0,0.0,0.0
1559,0.0,0.0,0.0,0.0,0.0,0.01518607,0.0,0.0,0.0
1560,0.0,0.0,0.0,0.0,0.0,0.017004,0.0,0.0,0.0
1561,0.0,0.0,0.0,0.0,0.0,0.01783387,0.0,0.0,0.0
1562,0.0,0.0,0.0,0.0,0.0,0.0189712,0.0,0.0,0.0
1563,0.0,0.0,0.0,0.0,0.0,0.02103977,0.0,0.0,0.0
1564,0.0,0.0,0.0,0.0,0.0,0.02367491,0.0,0.0,0.0
1565,0.0,0.0,0.0,0.0,0.0,0.02517096,0.0,0.0,0.0
1566,0.0,0.0,0.0,0.0,0.0,0.02722578,0.0,0.0,0.0
1567,0.0,0.0,0.0,0.0,0.0,0.03012352,0.0,0.0,0.0
1568,0.0,0.0,0.0,0.0,0.0,0.03375388,0.0,0.0,0.0
1569,0.0,0.0,0.0,0.0,0.0,0.03849164,0.0,0.0,0.0
1570,0.0,0.0,0.0,0.0,0.0,0.04225833,0.0,0.0,0.0
1571,0.0,0.0,0.0,0.0,0.0,0.04559942,0.0,0.0,0.0
1572,0.0,0.0,0.0,0.0,0.0,0.04742102,0.0,0.0,0.0
1573,0.0,0.0,0.0,0.0,0.0,0.04941792,0.0,0.0,0.0
1574,0.0,0.0,0.0,0.0,0.0,0.05125083,0.0,0.0,0.0
1575,0.0,0.0,0.0,0.0,0.0,0.05309301,0.0,0.0,0.0
1576,0.0,0.0,0.0,0.0,0.0,0.05497181,0.0,0.0,0.0
1577,0.0,0.0,0.0,0.0,0.0,0.05601389,0.0,0.0,0.0
1578,0.0,0.0,0.0,0.0,0.0,0.05538278,0.0,0.0,0.0
1579,0.0,0.0,0.0,0.0,0.0,0.05470952,0.0,0.0,0.0
1580,0.0,0.0,0.0,0.0,0.0,0.05398444,0.0,0.0,0.0
1581,0.0,0.0,0.0,0.0,0.0,0.05328859,0.0,0.0,0.0
1582,0.0,0.0,0.0,0.0,0.0,0.05257784,0.0,0.0,0.0
1583,0.0,0.0,0.0,0.0,0.0,0.05156983,0.0,0.0,0.0
1584,0.0,0.0,0.0,0.0,0.0,0.05023343,0.0,0.0,0.0
1585,0.0,0.0,0.0,0.0,0.0,0.04880394,0.0,0.0,0.0
1586,0.0,0.0,0.0,0.0,0.0,0.04730027,0.0,0.0,0.0
1587,0.0,0.0,0.0,0.0,0.0,0.045641,0.0,0.0,0.0
1588,0.0,0.0,0.0,0.0,0.0,0.04380226,0.0,0.0,0.0
1589,0.0,0.0,0.0,0.0,0.0,0.04216969,0.0,0.0,0.0
1590,0.0,0.0,0.0,0.0,0.0,0.04073842,0.0,0.0,0.0
1591,0.0,0.0,0.0,0.0,0.0,0.03914674,0.0,0.0,0.0
1592,0.0,0.0,0.0,0.0,0.0,0.03705271,0.0,0.0,0.0
1593,0.0,0.0,0.0,0.0,0.0,0.03533316,0.0,0.0,0.0
1594,0.0,0.0,0.0,0.0,0.0,0.03397067,0.0,0.0,0.0
1595,0.0,0.0,0.0,0.0,0.0,0.03275409,0.0,0.0,0.0
1596,0.0,0.0,0.0,0.0,0.0,0.03098166,0.0,0.0,0.0
1597,0.0,0.0,0.0,0.0,0.0,0.02929909,0.0,0.0,0.0
1598,0.0,0.0,0.0,0.0,0.0,0.02807782,0.0,0.0,0.0
1599,0.0,0.0,0.0,0.0,0.0,0.02695698,0.0,0.0,0.0
1600,0.0,0.0,0.0,0.0,0.0,0.02546364,0.0,0.0,0.0
1601,0.0,0.0,0.0,0.0,0.0,0.02429114,0.0,0.0,0.0
1602,0.0,0.0,0.0,0.0,0.0,0.02299092,0.0,0.0,0.0
1603,0.0,0.0,0.0,0.0,0.0,0.02185618,0.0,0.0,0.0
1604,0.0,0.0,0.0,0.0,0.0,0.02062869,0.0,0.0,0.0
1605,0.0,0.0,0.0,0.0,0.0,0.01964368,0.0,0.0,0.0
1606,0.0,0.0,0.0,0.0,0.0,0.01827899,0.0,0.0,0.0
1607,0.0,0.0,0.0,0.0,0.0,0.01697828,0.0,0.0,0.0
1608,0.0,0.0,0.0,0.0,0.0,0.01577192,0.0,0.0,0.0
1609,0.0,0.0,0.0,0.0,0.0,0.01475386,0.0,0.0,0.0
1610,0.0,0.0,0.0,0.0,0.0,0.01363401,0.0,0.0,0.0
1611,0.0,0.0,0.0,0.0,0.0,0.01250876,0.0,0.0,0.0
1612,0.0,0.0,0.0,0.0,0.0,0.01154002,0.0,0.0,0.0
1613,0.0,0.0,0.0,0.0,0.0,0.01050277,0.0,0.0,0.0
1614,0.0,0.0,0.0,0.0,0.0,0.00975643,0.0,0.0,0.0
1615,0.0,0.0,0.0,0.0,0.0,0.00904744,0.0,0.0,0.0
1616,0.0,0.0,0.0,0.0,0.0,0.00851478,0.0,0.0,0.0
1617,0.0,0.0,0.0,0.0,0.0,0.00788337,0.0,0.0,0.0
1618,0.0,0.0,0.0,0.0,0.0,0.0070602,0.0,0.0,0.0
1619,0.0,0.0,0.0,0.0,0.0,0.00668526,0.0,0.0,0.0
1620,0.0,0.0,0.0,0.0,0.0,0.00642914,0.0,0.0,0.0
1621,0.0,0.0,0.0,0.0,0.0,0.00555628,0.0,0.0,0.0
1622,0.0,0.0,0.0,0.0,0.0,0.00537538,0.0,0.0,0.0
1623,0.0,0.0,0.0,0.0,0.0,0.00528398,0.0,0.0,0.0
1624,0.0,0.0,0.0,0.0,0.0,0.00544878,0.0,0.0,0.0
1625,0.0,0.0,0.0,0.0,0.0,0.0049137,0.0,0.0,0.0
1626,0.0,0.0,0.0,0.0,0.0,0.00484538,0.0,0.0,0.0
1627,0.0,0.0,0.0,0.0,0.0,0.00463538,0.0,0.0,0.0
1628,0.0,0.0,0.0,0.0,0.0,0.00436658,0.0,0.0,0.0
1629,0.0,0.0,0.0,0.0,0.0,0.00434669,0.0,0.0,0.0
1630,0.0,0.0,0.0,0.0,0.0,0.00465837,0.0,0.0,0.0
1631,0.0,0.0,0.0,0.0,0.0,0.00449412,0.0,0.0,0.0
1632,0.0,0.0,0.0,0.0,0.0,0.00428525,0.0,0.0,0.0
1633,0.0,0.0,0.0,0.0,0.0,0.00389897,0.0,0.0,0.0
1634,0.0,0.0,0.0,0.0,0.0,0.00358291,0.0,0.0,0.0
1635,0.0,0.0,0.0,0.0,0.0,0.00224882,0.0,0.0,0.0
1636,0.0,0.0,0.0,0.0,0.0,0.00187494,0.0,0.0,0.0
1637,0.0,0.0,0.0,0.0,0.0,0.00196671,0.0,0.0,0.0
1638,0.0,0.0,0.0,0.0,0.0,0.00344383,0.0,0.0,0.0
1639,0.0,0.0,0.0,0.0,0.0,0.00488631,0.0,0.0,0.0
1640,0.0,0.0,0.0,0.0,0.0,0.00662532,0.0,0.0,0.0
1641,0.0,0.0,0.0,0.0,0.0,0.0085625,0.0,0.0,0.0
1642,0.0,0.0,0.0,0.0,0.0,0.01037549,0.0,0.0,0.0
1643,0.0,0.0,0.0,0.0,0.0,0.01229727,0.0,0.0,0.0
1644,0.0,0.0,0.0,0.0,0.0,0.01433284,0.0,0.0,0.0
1645,0.0,0.0,0.0,0.0,0.0,0.017202,0.0,0.0,0.0
1646,0.0,0.0,0.0,0.0,0.0,0.02019908,0.0,0.0,0.0
1647,0.0,0.0,0.0,0.0,0.0,0.0233432,0.0,0.0,0.0
1648,0.0,0.0,0.0,0.0,0.0,0.02601585,0.0,0.0,0.0
1649,0.0,0.0,0.0,0.0,0.0,0.02772471,0.0,0.0,0.0
1650,0.0,0.0,0.0,0.0,0.0,0.0286141,0.0,0.0,0.0
1651,0.0,0.0,0.0,0.0,0.0,0.02850778,0.0,0.0,0.0
1652,0.0,0.0,0.0,0.0,0.0,0.02687695,0.0,0.0,0.0
1653,0.0,0.0,0.0,0.0,0.0,0.02528938,0.0,0.0,0.0
1654,0.0,0.0,0.0,0.0,0.0,0.02265077,0.0,0.0,0.0
1655,0.0,0.0,0.0,0.0,0.0,0.0201207,0.0,0.0,0.0
1656,0.0,0.0,0.0,0.0,0.0,0.01758447,0.0,0.0,0.0
1657,0.0,0.0,0.0,0.0,0.0,0.01529492,0.0,0.0,0.0
1658,0.0,0.0,0.0,0.0,0.0,0.01311084,0.0,0.0,0.0
1659,0.0,0.0,0.0,0.0,0.0,0.01114518,0.0,0.0,0.0
1660,0.0,0.0,0.0,0.0,0.0,0.00953738,0.0,0.0,0.0
1661,0.0,0.0,0.0,0.0,0.0,0.00813338,0.0,0.0,0.0
1662,0.0,0.0,0.0,0.0,0.0,0.00689844,0.0,0.0,0.0
1663,0.0,0.0,0.0,0.0,0.0,0.0059021,0.0,0.0,0.0
1664,0.0,0.0,0.0,0.0,0.0,0.00515811,0.0,0.0,0.0
1665,0.0,0.0,0.0,0.0,0.0,0.00445696,0.0,0.0,0.0
1666,0.0,0.0,0.0,0.0,0.0,0.0037727,0.0,0.0,0.0
1667,0.0,0.0,0.0,0.0,0.0,0.00310663,0.0,0.0,0.0
1668,0.0,0.0,0.0,0.0,0.0,0.00247514,0.0,0.0,0.0
1669,0.0,0.0,0.0,0.0,0.0,0.0019566,0.0,0.0,0.0
1670,0.0,0.0,0.0,0.0,0.0,0.00156229,0.0,0.0,0.0
1671,0.0,0.0,0.0,0.0,0.0,0.00124899,0.0,0.0,0.0
1672,0.0,0.0,0.0,0.0,0.0,0.00100409,0.0,0.0,0.0
1673,0.0,0.0,0.0,0.0,0.0,0.00081058,0.0,0.0,0.0
1674,0.0,0.0,0.0,0.0,0.0,0.00065282,0.0,0.0,0.0
1675,0.0,0.0,0.0,0.0,0.0,0.00054904,0.0,0.0,0.0
1676,0.0,0.0,0.0,0.0,0.0,0.00048662,0.0,0.0,0.0
1677,0.0,0.0,0.0,0.0,0.0,0.00042073,0.0,0.0,0.0
1678,0.0,0.0,0.0,0.0,0.0,0.00035456,0.0,0.0,0.0
1679,0.0,0.0,0.0,0.0,0.0,0.00029606,0.0,0.0,0.0
1680,0.0,0.0,0.0,0.0,0.0,0.0002569,0.0,0.0,0.0
1681,0.0,0.0,0.0,0.0,0.0,0.00022478,0.0,0.0,0.0
1682,0.0,0.0,0.0,0.0,0.0,0.00019881,0.0,0.0,0.0
1683,0.0,0.0,0.0,0.0,0.0,0.00017656,0.0,0.0,0.0
1684,0.0,0.0,0.0,0.0,0.0,0.00015813,0.0,0.0,0.0
1685,0.0,0.0,0.0,0.0,0.0,0.0001428,0.0,0.0,0.0
1686,0.0,0.0,0.0,0.0,0.0,0.00012969,0.0,0.0,0.0
1687,0.0,0.0,0.0,0.0,0.0,0.0001179,0.0,0.0,0.0
1688,0.0,0.0,0.0,0.0,0.0,0.00010869,0.0,0.0,0.0
1689,0.0,0.0,0.0,0.0,0.0,0.00010064,0.0,0.0,0.0
1690,0.0,0.0,0.0,0.0,0.0,9.44e-05,0.0,0.0,0.0
1691,0.0,0.0,0.0,0.0,0.0,8.953e-05,0.0,0.0,0.0
1692,0.0,0.0,0.0,0.0,0.0,8.552e-05,0.0,0.0,0.0
1693,0.0,0.0,0.0,0.0,0.0,8.245e-05,0.0,0.0,0.0
1694,0.0,0.0,0.0,0.0,0.0,8.018e-05,0.0,0.0,0.0
1695,0.0,0.0,0.0,0.0,0.0,7.848e-05,0.0,0.0,0.0
1696,0.0,0.0,0.0,0.0,0.0,7.685e-05,0.0,0.0,0.0
1697,0.0,0.0,0.0,0.0,0.0,7.573e-05,0.0,0.0,0.0
1698,0.0,0.0,0.0,0.0,0.0,0.0,0.0,0.0,0.0
1699,0.0,0.0,0.0,0.0,0.0,0.0,0.0,0.0,0.0
1700,0.0,0.0,0.0,0.0,0.0,0.0,0.0,0.0,0.0
1701,0.0,0.0,0.0,0.0,0.0,0.0,0.0,0.0,0.0
1702,0.0,0.0,0.0,0.0,0.0,0.0,0.0,0.0,0.0
1703,0.0,0.0,0.0,0.0,0.0,0.0,0.0,0.0,0.0
1704,0.0,0.0,0.0,0.0,0.0,0.0,0.0,0.0,0.0
1705,0.0,0.0,0.0,0.0,0.0,0.0,0.0,0.0,0.0
1706,0.0,0.0,0.0,0.0,0.0,0.0,0.0,0.0,0.0
1707,0.0,0.0,0.0,0.0,0.0,0.0,0.0,0.0,0.0
1708,0.0,0.0,0.0,0.0,0.0,0.0,0.0,0.0,0.0
1709,0.0,0.0,0.0,0.0,0.0,0.0,0.0,0.0,0.0
1710,0.0,0.0,0.0,0.0,0.0,0.0,0.0,0.0,0.0
1711,0.0,0.0,0.0,0.0,0.0,0.0,0.0,0.0,0.0
1712,0.0,0.0,0.0,0.0,0.0,0.0,0.0,0.0,0.0
1713,0.0,0.0,0.0,0.0,0.0,0.0,0.0,0.0,0.0
1714,0.0,0.0,0.0,0.0,0.0,0.0,0.0,0.0,0.0
1715,0.0,0.0,0.0,0.0,0.0,0.0,0.0,0.0,0.0
1716,0.0,0.0,0.0,0.0,0.0,0.0,0.0,0.0,0.0
1717,0.0,0.0,0.0,0.0,0.0,0.0,0.0,0.0,0.0
1718,0.0,0.0,0.0,0.0,0.0,0.0,0.0,0.0,0.0
1719,0.0,0.0,0.0,0.0,0.0,0.0,0.0,0.0,0.0
1720,0.0,0.0,0.0,0.0,0.0,0.0,0.0,0.0,0.0
1721,0.0,0.0,0.0,0.0,0.0,0.0,0.0,0.0,0.0
1722,0.0,0.0,0.0,0.0,0.0,0.0,0.0,0.0,0.0
1723,0.0,0.0,0.0,0.0,0.0,0.0,0.0,0.0,0.0
1724,0.0,0.0,0.0,0.0,0.0,0.0,0.0,0.0,0.0
1725,0.0,0.0,0.0,0.0,0.0,0.0,0.0,0.0,0.0
1726,0.0,0.0,0.0,0.0,0.0,0.0,0.0,0.0,0.0
1727,0.0,0.0,0.0,0.0,0.0,0.0,0.0,0.0,0.0
1728,0.0,0.0,0.0,0.0,0.0,0.0,0.0,0.0,0.0
1729,0.0,0.0,0.0,0.0,0.0,0.0,0.0,0.0,0.0
1730,0.0,0.0,0.0,0.0,0.0,0.0,0.0,0.0,0.0
1731,0.0,0.0,0.0,0.0,0.0,0.0,0.0,0.0,0.0
1732,0.0,0.0,0.0,0.0,0.0,0.0,0.0,0.0,0.0
1733,0.0,0.0,0.0,0.0,0.0,0.0,0.0,0.0,0.0
1734,0.0,0.0,0.0,0.0,0.0,0.0,0.0,0.0,0.0
1735,0.0,0.0,0.0,0.0,0.0,0.0,0.0,0.0,0.0
1736,0.0,0.0,0.0,0.0,0.0,0.0,0.0,0.0,0.0
1737,0.0,0.0,0.0,0.0,0.0,0.0,0.0,0.0,0.0
1738,0.0,0.0,0.0,0.0,0.0,0.0,0.0,0.0,0.0
1739,0.0,0.0,0.0,0.0,0.0,0.0,0.0,0.0,0.0
1740,0.0,0.0,0.0,0.0,0.0,0.0,0.0,0.0,0.0
1741,0.0,0.0,0.0,0.0,0.0,0.0,0.0,0.0,0.0
1742,0.0,0.0,0.0,0.0,0.0,0.0,0.0,0.0,0.0
1743,0.0,0.0,0.0,0.0,0.0,0.0,0.0,0.0,0.0
1744,0.0,0.0,0.0,0.0,0.0,0.0,0.0,0.0,0.0
1745,0.0,0.0,0.0,0.0,0.0,0.0,0.0,0.0,0.0
1746,0.0,0.0,0.0,0.0,0.0,0.0,0.0,0.0,0.0
1747,0.0,0.0,0.0,0.0,0.0,0.0,0.0,0.0,0.0
1748,0.0,0.0,0.0,0.0,0.0,0.0,0.0,0.0,0.0
1749,0.0,0.0,0.0,0.0,0.0,0.0,0.0,0.0,0.0
1750,0.0,0.0,0.0,0.0,0.0,0.0,0.0,0.0,0.0
1751,0.0,0.0,0.0,0.0,0.0,0.0,0.0,0.0,0.0
1752,0.0,0.0,0.0,0.0,0.0,0.0,0.0,0.0,0.0
1753,0.0,0.0,0.0,0.0,0.0,0.0,0.0,0.0,0.0
1754,0.0,0.0,0.0,0.0,0.0,0.0,0.0,0.0,0.0
1755,0.0,0.0,0.0,0.0,0.0,0.0,0.0,0.0,0.0
1756,0.0,0.0,0.0,0.0,0.0,0.0,0.0,0.0,0.0
1757,0.0,0.0,0.0,0.0,0.0,0.0,0.0,0.0,0.0
1758,0.0,0.0,0.0,0.0,0.0,0.0,0.0,0.0,0.0
1759,0.0,0.0,0.0,0.0,0.0,0.0,0.0,0.0,0.0
1760,0.0,0.0,0.0,0.0,0.0,0.0,0.0,0.0,0.0
1761,0.0,0.0,0.0,0.0,0.0,0.0,0.0,0.0,0.0
1762,0.0,0.0,0.0,0.0,0.0,0.0,0.0,0.0,0.0
1763,0.0,0.0,0.0,0.0,0.0,0.0,0.0,0.0,0.0
1764,0.0,0.0,0.0,0.0,0.0,0.0,0.0,0.0,0.0
1765,0.0,0.0,0.0,0.0,0.0,0.0,0.0,0.0,0.0
1766,0.0,0.0,0.0,0.0,0.0,0.0,0.0,0.0,0.0
1767,0.0,0.0,0.0,0.0,0.0,0.0,0.0,0.0,0.0
1768,0.0,0.0,0.0,0.0,0.0,0.0,0.0,0.0,0.0
1769,0.0,0.0,0.0,0.0,0.0,0.0,0.0,0.0,0.0
1770,0.0,0.0,0.0,0.0,0.0,0.0,0.0,0.0,0.0
1771,0.0,0.0,0.0,0.0,0.0,0.0,0.0,0.0,0.0
1772,0.0,0.0,0.0,0.0,0.0,0.0,0.0,0.0,0.0
1773,0.0,0.0,0.0,0.0,0.0,0.0,0.0,0.0,0.0
1774,0.0,0.0,0.0,0.0,0.0,0.0,0.0,0.0,0.0
1775,0.0,0.0,0.0,0.0,0.0,0.0,0.0,0.0,0.0
1776,0.0,0.0,0.0,0.0,0.0,0.0,0.0,0.0,0.0
1777,0.0,0.0,0.0,0.0,0.0,0.0,0.0,0.0,0.0
1778,0.0,0.0,0.0,0.0,0.0,0.0,0.0,0.0,0.0
1779,0.0,0.0,0.0,0.0,0.0,0.0,0.0,0.0,0.0
1780,0.0,0.0,0.0,0.0,0.0,0.0,0.0,0.0,0.0
1781,0.0,0.0,0.0,0.0,0.0,0.0,0.0,0.0,0.0
1782,0.0,0.0,0.0,0.0,0.0,0.0,0.0,0.0,0.0
1783,0.0,0.0,0.0,0.0,0.0,0.0,0.0,0.0,0.0
1784,0.0,0.0,0.0,0.0,0.0,0.0,0.0,0.0,0.0
1785,0.0,0.0,0.0,0.0,0.0,0.0,0.0,0.0,0.0
1786,0.0,0.0,0.0,0.0,0.0,0.0,0.0,0.0,0.0
1787,0.0,0.0,0.0,0.0,0.0,0.0,0.0,0.0,0.0
1788,0.0,0.0,0.0,0.0,0.0,0.0,0.0,0.0,0.0
1789,0.0,0.0,0.0,0.0,0.0,0.0,0.0,0.0,0.0
1790,0.0,0.0,0.0,0.0,0.0,0.0,0.0,0.0,0.0
1791,0.0,0.0,0.0,0.0,0.0,0.0,0.0,0.0,0.0
1792,0.0,0.0,0.0,0.0,0.0,0.0,0.0,0.0,0.0
1793,0.0,0.0,0.0,0.0,0.0,0.0,0.0,0.0,0.0
1794,0.0,0.0,0.0,0.0,0.0,0.0,0.0,0.0,0.0
1795,0.0,0.0,0.0,0.0,0.0,0.0,0.0,0.0,0.0
1796,0.0,0.0,0.0,0.0,0.0,0.0,0.0,0.0,0.0
1797,0.0,0.0,0.0,0.0,0.0,0.0,0.0,0.0,0.0
1798,0.0,0.0,0.0,0.0,0.0,0.0,0.0,0.0,0.0
1799,0.0,0.0,0.0,0.0,0.0,0.0,0.0,0.0,0.0
1800,0.0,0.0,0.0,0.0,0.0,0.0,0.0,0.0,0.0
1801,0.0,0.0,0.0,0.0,0.0,0.0,0.0,0.0,0.0
1802,0.0,0.0,0.0,0.0,0.0,0.0,0.0,0.0,0.0
1803,0.0,0.0,0.0,0.0,0.0,0.0,0.0,0.0,0.0
1804,0.0,0.0,0.0,0.0,0.0,0.0,0.0,0.0,0.0
1805,0.0,0.0,0.0,0.0,0.0,0.0,0.0,0.0,0.0
1806,0.0,0.0,0.0,0.0,0.0,0.0,0.0,0.0,0.0
1807,0.0,0.0,0.0,0.0,0.0,0.0,0.0,0.0,0.0
1808,0.0,0.0,0.0,0.0,0.0,0.0,0.0,0.0,0.0
1809,0.0,0.0,0.0,0.0,0.0,0.0,0.0,0.0,0.0
1810,0.0,0.0,0.0,0.0,0.0,0.0,0.0,0.0,0.0
1811,0.0,0.0,0.0,0.0,0.0,0.0,0.0,0.0,0.0
1812,0.0,0.0,0.0,0.0,0.0,0.0,0.0,0.0,0.0
1813,0.0,0.0,0.0,0.0,0.0,0.0,0.0,0.0,0.0
1814,0.0,0.0,0.0,0.0,0.0,0.0,0.0,0.0,0.0
1815,0.0,0.0,0.0,0.0,0.0,0.0,0.0,0.0,0.0
1816,0.0,0.0,0.0,0.0,0.0,0.0,0.0,0.0,0.0
1817,0.0,0.0,0.0,0.0,0.0,0.0,0.0,0.0,0.0
1818,0.0,0.0,0.0,0.0,0.0,0.0,0.0,0.0,0.0
1819,0.0,0.0,0.0,0.0,0.0,0.0,0.0,0.0,0.0
1820,0.0,0.0,0.0,0.0,0.0,0.0,0.0,0.0,0.0
1821,0.0,0.0,0.0,0.0,0.0,0.0,0.0,0.0,0.0
1822,0.0,0.0,0.0,0.0,0.0,0.0,0.0,0.0,0.0
1823,0.0,0.0,0.0,0.0,0.0,0.0,0.0,0.0,0.0
1824,0.0,0.0,0.0,0.0,0.0,0.0,0.0,0.0,0.0
1825,0.0,0.0,0.0,0.0,0.0,0.0,0.0,0.0,0.0
1826,0.0,0.0,0.0,0.0,0.0,0.0,0.0,0.0,0.0
1827,0.0,0.0,0.0,0.0,0.0,0.0,0.0,0.0,0.0
1828,0.0,0.0,0.0,0.0,0.0,0.0,0.0,0.0,0.0
1829,0.0,0.0,0.0,0.0,0.0,0.0,0.0,0.0,0.0
1830,0.0,0.0,0.0,0.0,0.0,0.0,0.0,0.0,0.0
1831,0.0,0.0,0.0,0.0,0.0,0.0,0.0,0.0,0.0
1832,0.0,0.0,0.0,0.0,0.0,0.0,0.0,0.0,0.0
1833,0.0,0.0,0.0,0.0,0.0,0.0,0.0,0.0,0.0
1834,0.0,0.0,0.0,0.0,0.0,0.0,0.0,0.0,0.0
1835,0.0,0.0,0.0,0.0,0.0,0.0,0.0,0.0,0.0
1836,0.0,0.0,0.0,0.0,0.0,0.0,0.0,0.0,0.0
1837,0.0,0.0,0.0,0.0,0.0,0.0,0.0,0.0,0.0
1838,0.0,0.0,0.0,0.0,0.0,0.0,0.0,0.0,0.0
1839,0.0,0.0,0.0,0.0,0.0,0.0,0.0,0.0,0.0
1840,0.0,0.0,0.0,0.0,0.0,0.0,0.0,0.0,0.0
1841,0.0,0.0,0.0,0.0,0.0,0.0,0.0,0.0,0.0
1842,0.0,0.0,0.0,0.0,0.0,0.0,0.0,0.0,0.0
1843,0.0,0.0,0.0,0.0,0.0,0.0,0.0,0.0,0.0
1844,0.0,0.0,0.0,0.0,0.0,0.0,0.0,0.0,0.0
1845,0.0,0.0,0.0,0.0,0.0,0.0,0.0,0.0,0.0
1846,0.0,0.0,0.0,0.0,0.0,0.0,0.0,0.0,0.0
1847,0.0,0.0,0.0,0.0,0.0,0.0,0.0,0.0,0.0
1848,0.0,0.0,0.0,0.0,0.0,0.0,0.0,0.0,0.0
1849,0.0,0.0,0.0,0.0,0.0,0.0,0.0,0.0,0.0
1850,0.0,0.0,0.0,0.0,0.0,0.0,0.0,0.0,0.0
1851,0.0,0.0,0.0,0.0,0.0,0.0,0.0,0.0,0.0
1852,0.0,0.0,0.0,0.0,0.0,0.0,0.0,0.0,0.0
1853,0.0,0.0,0.0,0.0,0.0,0.0,0.0,0.0,0.0
1854,0.0,0.0,0.0,0.0,0.0,0.0,0.0,0.0,0.0
1855,0.0,0.0,0.0,0.0,0.0,0.0,0.0,0.0,0.0
1856,0.0,0.0,0.0,0.0,0.0,0.0,0.0,0.0,0.0
1857,0.0,0.0,0.0,0.0,0.0,0.0,0.0,0.0,0.0
1858,0.0,0.0,0.0,0.0,0.0,0.0,0.0,0.0,0.0
1859,0.0,0.0,0.0,0.0,0.0,0.0,0.0,0.0,0.0
1860,0.0,0.0,0.0,0.0,0.0,0.0,0.0,0.0,0.0
1861,0.0,0.0,0.0,0.0,0.0,0.0,0.0,0.0,0.0
1862,0.0,0.0,0.0,0.0,0.0,0.0,0.0,0.0,0.0
1863,0.0,0.0,0.0,0.0,0.0,0.0,0.0,0.0,0.0
1864,0.0,0.0,0.0,0.0,0.0,0.0,0.0,0.0,0.0
1865,0.0,0.0,0.0,0.0,0.0,0.0,0.0,0.0,0.0
1866,0.0,0.0,0.0,0.0,0.0,0.0,0.0,0.0,0.0
1867,0.0,0.0,0.0,0.0,0.0,0.0,0.0,0.0,0.0
1868,0.0,0.0,0.0,0.0,0.0,0.0,0.0,0.0,0.0
1869,0.0,0.0,0.0,0.0,0.0,0.0,0.0,0.0,0.0
1870,0.0,0.0,0.0,0.0,0.0,0.0,0.0,0.0,0.0
1871,0.0,0.0,0.0,0.0,0.0,0.0,0.0,0.0,0.0
1872,0.0,0.0,0.0,0.0,0.0,0.0,0.0,0.0,0.0
1873,0.0,0.0,0.0,0.0,0.0,0.0,0.0,0.0,0.0
1874,0.0,0.0,0.0,0.0,0.0,0.0,0.0,0.0,0.0
1875,0.0,0.0,0.0,0.0,0.0,0.0,0.0,0.0,0.0
1876,0.0,0.0,0.0,0.0,0.0,0.0,0.0,0.0,0.0
1877,0.0,0.0,0.0,0.0,0.0,0.0,0.0,0.0,0.0
1878,0.0,0.0,0.0,0.0,0.0,0.0,0.0,0.0,0.0
1879,0.0,0.0,0.0,0.0,0.0,0.0,0.0,0.0,0.0
1880,0.0,0.0,0.0,0.0,0.0,0.0,0.0,0.0,0.0
1881,0.0,0.0,0.0,0.0,0.0,0.0,0.0,0.0,0.0
1882,0.0,0.0,0.0,0.0,0.0,0.0,0.0,0.0,0.0
1883,0.0,0.0,0.0,0.0,0.0,0.0,0.0,0.0,0.0
1884,0.0,0.0,0.0,0.0,0.0,0.0,0.0,0.0,0.0
1885,0.0,0.0,0.0,0.0,0.0,0.0,0.0,0.0,0.0
1886,0.0,0.0,0.0,0.0,0.0,0.0,0.0,0.0,0.0
1887,0.0,0.0,0.0,0.0,0.0,0.0,0.0,0.0,0.0
1888,0.0,0.0,0.0,0.0,0.0,0.0,0.0,0.0,0.0
1889,0.0,0.0,0.0,0.0,0.0,0.0,0.0,0.0,0.0
1890,0.0,0.0,0.0,0.0,0.0,0.0,0.0,0.0,0.0
1891,0.0,0.0,0.0,0.0,0.0,0.0,0.0,0.0,0.0
1892,0.0,0.0,0.0,0.0,0.0,0.0,0.0,0.0,0.0
1893,0.0,0.0,0.0,0.0,0.0,0.0,0.0,0.0,0.0
1894,0.0,0.0,0.0,0.0,0.0,0.0,0.0,0.0,0.0
1895,0.0,0.0,0.0,0.0,0.0,0.0,0.0,0.0,0.0
1896,0.0,0.0,0.0,0.0,0.0,0.0,0.0,0.0,0.0
1897,0.0,0.0,0.0,0.0,0.0,0.0,0.0,0.0,0.0
1898,0.0,0.0,0.0,0.0,0.0,0.0,0.0,0.0,0.0
1899,0.0,0.0,0.0,0.0,0.0,0.0,0.0,0.0,0.0
1900,0.0,0.0,0.0,0.0,0.0,0.0,0.0,0.0,0.0
1901,0.0,0.0,0.0,0.0,0.0,0.0,0.0,0.0,0.0
1902,0.0,0.0,0.0,0.0,0.0,0.0,0.0,0.0,0.0
1903,0.0,0.0,0.0,0.0,0.0,0.0,0.0,0.0,0.0
1904,0.0,0.0,0.0,0.0,0.0,0.0,0.0,0.0,0.0
1905,0.0,0.0,0.0,0.0,0.0,0.0,0.0,0.0,0.0
1906,0.0,0.0,0.0,0.0,0.0,0.0,0.0,0.0,0.0
1907,0.0,0.0,0.0,0.0,0.0,0.0,0.0,0.0,0.0
1908,0.0,0.0,0.0,0.0,0.0,0.0,0.0,0.0,0.0
1909,0.0,0.0,0.0,0.0,0.0,0.0,0.0,0.0,0.0
1910,0.0,0.0,0.0,0.0,0.0,0.0,0.0,0.0,0.0
1911,0.0,0.0,0.0,0.0,0.0,0.0,0.0,0.0,0.0
1912,0.0,0.0,0.0,0.0,0.0,0.0,0.0,0.0,0.0
1913,0.0,0.0,0.0,0.0,0.0,0.0,0.0,0.0,0.0
1914,0.0,0.0,0.0,0.0,0.0,0.0,0.0,0.0,0.0
1915,0.0,0.0,0.0,0.0,0.0,0.0,0.0,0.0,0.0
1916,0.0,0.0,0.0,0.0,0.0,0.0,0.0,0.0,0.0
1917,0.0,0.0,0.0,0.0,0.0,0.0,0.0,0.0,0.0
1918,0.0,0.0,0.0,0.0,0.0,0.0,0.0,0.0,0.0
1919,0.0,0.0,0.0,0.0,0.0,0.0,0.0,0.0,0.0
1920,0.0,0.0,0.0,0.0,0.0,0.0,0.0,0.0,0.0
1921,0.0,0.0,0.0,0.0,0.0,0.0,0.0,0.0,0.0
1922,0.0,0.0,0.0,0.0,0.0,0.0,0.0,0.0,0.0
1923,0.0,0.0,0.0,0.0,0.0,0.0,0.0,0.0,0.0
1924,0.0,0.0,0.0,0.0,0.0,0.0,0.0,0.0,0.0
1925,0.0,0.0,0.0,0.0,0.0,0.0,0.0,0.0,0.0
1926,0.0,0.0,0.0,0.0,0.0,0.0,0.0,0.0,0.0
1927,0.0,0.0,0.0,0.0,0.0,0.0,0.0,0.0,0.0
1928,0.0,0.0,0.0,0.0,0.0,0.0,0.0,0.0,0.0
1929,0.0,0.0,0.0,0.0,0.0,0.0,0.0,0.0,0.0
1930,0.0,0.0,0.0,0.0,0.0,0.0,0.0,0.0,0.0
1931,0.0,0.0,0.0,0.0,0.0,0.0,0.0,0.0,0.0
1932,0.0,0.0,0.0,0.0,0.0,0.0,0.0,0.0,0.0
1933,0.0,0.0,0.0,0.0,0.0,0.0,0.0,0.0,0.0
1934,0.0,0.0,0.0,0.0,0.0,0.0,0.0,0.0,0.0
1935,0.0,0.0,0.0,0.0,0.0,0.0,0.0,0.0,0.0
1936,0.0,0.0,0.0,0.0,0.0,0.0,0.0,0.0,0.0
1937,0.0,0.0,0.0,0.0,0.0,0.0,0.0,0.0,0.0
1938,0.0,0.0,0.0,0.0,0.0,0.0,0.0,0.0,0.0
1939,0.0,0.0,0.0,0.0,0.0,0.0,0.0,0.0,0.0
1940,0.0,0.0,0.0,0.0,0.0,0.0,0.0,0.0,0.0
1941,0.0,0.0,0.0,0.0,0.0,0.0,0.0,0.0,0.0
1942,0.0,0.0,0.0,0.0,0.0,0.0,0.0,0.0,0.0
1943,0.0,0.0,0.0,0.0,0.0,0.0,0.0,0.0,0.0
1944,0.0,0.0,0.0,0.0,0.0,0.0,0.0,0.0,0.0
1945,0.0,0.0,0.0,0.0,0.0,0.0,0.0,0.0,0.0
1946,0.0,0.0,0.0,0.0,0.0,0.0,0.0,0.0,0.0
1947,0.0,0.0,0.0,0.0,0.0,0.0,0.0,0.0,0.0
1948,0.0,0.0,0.0,0.0,0.0,0.0,0.0,0.0,0.0
1949,0.0,0.0,0.0,0.0,0.0,0.0,0.0,0.0,0.0
1950,0.0,0.0,0.0,0.0,0.0,0.0,0.0,0.0,0.0
1951,0.0,0.0,0.0,0.0,0.0,0.0,0.0,0.0,0.0
1952,0.0,0.0,0.0,0.0,0.0,0.0,0.0,0.0,0.0
1953,0.0,0.0,0.0,0.0,0.0,0.0,0.0,0.0,0.0
1954,0.0,0.0,0.0,0.0,0.0,0.0,0.0,0.0,0.0
1955,0.0,0.0,0.0,0.0,0.0,0.0,0.0,0.0,0.0
1956,0.0,0.0,0.0,0.0,0.0,0.0,0.0,0.0,0.0
1957,0.0,0.0,0.0,0.0,0.0,0.0,0.0,0.0,0.0
1958,0.0,0.0,0.0,0.0,0.0,0.0,0.0,0.0,0.0
1959,0.0,0.0,0.0,0.0,0.0,0.0,0.0,0.0,0.0
1960,0.0,0.0,0.0,0.0,0.0,0.0,0.0,0.0,0.0
1961,0.0,0.0,0.0,0.0,0.0,0.0,0.0,0.0,0.0
1962,0.0,0.0,0.0,0.0,0.0,0.0,0.0,0.0,0.0
1963,0.0,0.0,0.0,0.0,0.0,0.0,0.0,0.0,0.0
1964,0.0,0.0,0.0,0.0,0.0,0.0,0.0,0.0,0.0
1965,0.0,0.0,0.0,0.0,0.0,0.0,0.0,0.0,0.0
1966,0.0,0.0,0.0,0.0,0.0,0.0,0.0,0.0,0.0
1967,0.0,0.0,0.0,0.0,0.0,0.0,0.0,0.0,0.0
1968,0.0,0.0,0.0,0.0,0.0,0.0,0.0,0.0,0.0
1969,0.0,0.0,0.0,0.0,0.0,0.0,0.0,0.0,0.0
1970,0.0,0.0,0.0,0.0,0.0,0.0,0.0,0.0,0.0
1971,0.0,0.0,0.0,0.0,0.0,0.0,0.0,0.0,0.0
1972,0.0,0.0,0.0,0.0,0.0,0.0,0.0,0.0,0.0
1973,0.0,0.0,0.0,0.0,0.0,0.0,0.0,0.0,0.0
1974,0.0,0.0,0.0,0.0,0.0,0.0,0.0,0.0,0.0
1975,0.0,0.0,0.0,0.0,0.0,0.0,0.0,0.0,0.0
1976,0.0,0.0,0.0,0.0,0.0,0.0,0.0,0.0,0.0
1977,0.0,0.0,0.0,0.0,0.0,0.0,0.0,0.0,0.0
1978,0.0,0.0,0.0,0.0,0.0,0.0,0.0,0.0,0.0
1979,0.0,0.0,0.0,0.0,0.0,0.0,0.0,0.0,0.0
1980,0.0,0.0,0.0,0.0,0.0,0.0,0.0,0.0,0.0
1981,0.0,0.0,0.0,0.0,0.0,0.0,0.0,0.0,0.0
1982,0.0,0.0,0.0,0.0,0.0,0.0,0.0,0.0,0.0
1983,0.0,0.0,0.0,0.0,0.0,0.0,0.0,0.0,0.0
1984,0.0,0.0,0.0,0.0,0.0,0.0,0.0,0.0,0.0
1985,0.0,0.0,0.0,0.0,0.0,0.0,0.0,0.0,0.0
1986,0.0,0.0,0.0,0.0,0.0,0.0,0.0,0.0,0.0
1987,0.0,0.0,0.0,0.0,0.0,0.0,0.0,0.0,0.0
1988,0.0,0.0,0.0,0.0,0.0,0.0,0.0,0.0,0.0
1989,0.0,0.0,0.0,0.0,0.0,0.0,0.0,0.0,0.0
1990,0.0,0.0,0.0,0.0,0.0,0.0,0.0,0.0,0.0
1991,0.0,0.0,0.0,0.0,0.0,0.0,0.0,0.0,0.0
1992,0.0,0.0,0.0,0.0,0.0,0.0,0.0,0.0,0.0
1993,0.0,0.0,0.0,0.0,0.0,0.0,0.0,0.0,0.0
1994,0.0,0.0,0.0,0.0,0.0,0.0,0.0,0.0,0.0
1995,0.0,0.0,0.0,0.0,0.0,0.0,0.0,0.0,0.0
1996,0.0,0.0,0.0,0.0,0.0,0.0,0.0,0.0,0.0
1997,0.0,0.0,0.0,0.0,0.0,0.0,0.0,0.0,0.0
1998,0.0,0.0,0.0,0.0,0.0,0.0,0.0,0.0,0.0
1999,0.0,0.0,0.0,0.0,0.0,0.0,0.0,0.0,0.0
2000,0.0,0.0,0.0,0.0,0.0,0.0,0.0,0.0,0.0
2001,0.0,0.0,0.0,0.0,0.0,0.0,0.0,0.0,0.0
2002,0.0,0.0,0.0,0.0,0.0,0.0,0.0,0.0,0.0
2003,0.0,0.0,0.0,0.0,0.0,0.0,0.0,0.0,0.0
2004,0.0,0.0,0.0,0.0,0.0,0.0,0.0,0.0,0.0
2005,0.0,0.0,0.0,0.0,0.0,0.0,0.0,0.0,0.0
2006,0.0,0.0,0.0,0.0,0.0,0.0,0.0,0.0,0.0
2007,0.0,0.0,0.0,0.0,0.0,0.0,0.0,0.0,0.0
2008,0.0,0.0,0.0,0.0,0.0,0.0,0.0,0.0,0.0
2009,0.0,0.0,0.0,0.0,0.0,0.0,0.0,0.0,0.0
2010,0.0,0.0,0.0,0.0,0.0,0.0,0.0,0.0,0.0
2011,0.0,0.0,0.0,0.0,0.0,0.0,0.0,0.0,0.0
2012,0.0,0.0,0.0,0.0,0.0,0.0,0.0,0.0,0.0
2013,0.0,0.0,0.0,0.0,0.0,0.0,0.0,0.0,0.0
2014,0.0,0.0,0.0,0.0,0.0,0.0,0.0,0.0,0.0
2015,0.0,0.0,0.0,0.0,0.0,0.0,0.0,0.0,0.0
2016,0.0,0.0,0.0,0.0,0.0,0.0,0.0,0.0,0.0
2017,0.0,0.0,0.0,0.0,0.0,0.0,0.0,0.0,0.0
2018,0.0,0.0,0.0,0.0,0.0,0.0,0.0,0.0,0.0
2019,0.0,0.0,0.0,0.0,0.0,0.0,0.0,0.0,0.0
2020,0.0,0.0,0.0,0.0,0.0,0.0,0.0,0.0,0.0
2021,0.0,0.0,0.0,0.0,0.0,0.0,0.0,0.0,0.0
2022,0.0,0.0,0.0,0.0,0.0,0.0,0.0,0.0,0.0
2023,0.0,0.0,0.0,0.0,0.0,0.0,0.0,0.0,0.0
2024,0.0,0.0,0.0,0.0,0.0,0.0,0.0,0.0,0.0
2025,0.0,0.0,0.0,0.0,0.0,0.0,0.0,0.0,0.0
2026,0.0,0.0,0.0,0.0,0.0,0.0,0.0,0.0,0.0
2027,0.0,0.0,0.0,0.0,0.0,0.0,0.0,0.0,0.0
2028,0.0,0.0,0.0,0.0,0.0,0.0,0.0,0.0,0.0
2029,0.0,0.0,0.0,0.0,0.0,0.0,0.0,0.0,0.0
2030,0.0,0.0,0.0,0.0,0.0,0.0,0.0,0.0,0.0
2031,0.0,0.0,0.0,0.0,0.0,0.0,0.0,0.0,0.0
2032,0.0,0.0,0.0,0.0,0.0,0.0,0.0,0.0,0.0
2033,0.0,0.0,0.0,0.0,0.0,0.0,0.0,0.0,0.0
2034,0.0,0.0,0.0,0.0,0.0,0.0,0.0,0.0,0.0
2035,0.0,0.0,0.0,0.0,0.0,0.0,0.0,0.0,0.0
2036,0.0,0.0,0.0,0.0,0.0,0.0,0.0,0.0,0.0
2037,0.0,0.0,0.0,0.0,0.0,0.0,0.00023289,0.0,0.0
2038,0.0,0.0,0.0,0.0,0.0,0.0,0.00023698,0.0,0.0
2039,0.0,0.0,0.0,0.0,0.0,0.0,0.00023918,0.0,0.0
2040,0.0,0.0,0.0,0.0,0.0,0.0,0.00024159,0.0,0.0
2041,0.0,0.0,0.0,0.0,0.0,0.0,0.00024373,0.0,0.0
2042,0.0,0.0,0.0,0.0,0.0,0.0,0.00024623,0.0,0.0
2043,0.0,0.0,0.0,0.0,0.0,0.0,0.0002488,0.0,0.0
2044,0.0,0.0,0.0,0.0,0.0,0.0,0.0002517,0.0,0.0
2045,0.0,0.0,0.0,0.0,0.0,0.0,0.0002549,0.0,0.0
2046,0.0,0.0,0.0,0.0,0.0,0.0,0.00025851,0.0,0.0
2047,0.0,0.0,0.0,0.0,0.0,0.0,0.00026282,0.0,0.0
2048,0.0,0.0,0.0,0.0,0.0,0.0,0.00026787,0.0,0.0
2049,0.0,0.0,0.0,0.0,0.0,0.0,0.00027423,0.0,0.0
2050,0.0,0.0,0.0,0.0,0.0,0.0,0.00028136,0.0,0.0
2051,0.0,0.0,0.0,0.0,0.0,0.0,0.0002891,0.0,0.0
2052,0.0,0.0,0.0,0.0,0.0,0.0,0.00029764,0.0,0.0
2053,0.0,0.0,0.0,0.0,0.0,0.0,0.00030776,0.0,0.0
2054,0.0,0.0,0.0,0.0,0.0,0.0,0.00031858,0.0,0.0
2055,0.0,0.0,0.0,0.0,0.0,0.0,0.0003311,0.0,0.0
2056,0.0,0.0,0.0,0.0,0.0,0.0,0.00034437,0.0,0.0
2057,0.0,0.0,0.0,0.0,0.0,0.0,0.00035797,0.0,0.0
2058,0.0,0.0,0.0,0.0,0.0,0.0,0.00037259,0.0,0.0
2059,0.0,0.0,0.0,0.0,0.0,0.0,0.00039043,0.0,0.0
2060,0.0,0.0,0.0,0.0,0.0,0.0,0.00040921,0.0,0.0
2061,0.0,0.0,0.0,0.0,0.0,0.0,0.00043139,0.0,0.0
2062,0.0,0.0,0.0,0.0,0.0,0.0,0.00045435,0.0,0.0
2063,0.0,0.0,0.0,0.0,0.0,0.0,0.00048366,0.0,0.0
2064,0.0,0.0,0.0,0.0,0.0,0.0,0.00051456,0.0,0.0
2065,0.0,0.0,0.0,0.0,0.0,0.0,0.00055465,0.0,0.0
2066,0.0,0.0,0.0,0.0,0.0,0.0,0.00059636,0.0,0.0
2067,0.0,0.0,0.0,0.0,0.0,0.0,0.00062943,0.0,0.0
2068,0.0,0.0,0.0,0.0,0.0,0.0,0.00066448,0.0,0.0
2069,0.0,0.0,0.0,0.0,0.0,0.0,0.00074186,0.0,0.0
2070,0.0,0.0,0.0,0.0,0.0,0.0,0.00082787,0.0,0.0
2071,0.0,0.0,0.0,0.0,0.0,0.0,0.0008928,0.0,0.0
2072,0.0,0.0,0.0,0.0,0.0,0.0,0.00096467,0.0,0.0
2073,0.0,0.0,0.0,0.0,0.0,0.0,0.00106016,0.0,0.0
2074,0.0,0.0,0.0,0.0,0.0,0.0,0.00116405,0.0,0.0
2075,0.0,0.0,0.0,0.0,0.0,0.0,0.00132107,0.0,0.0
2076,0.0,0.0,0.0,0.0,0.0,0.0,0.00148681,0.0,0.0
2077,0.0,0.0,0.0,0.0,0.0,0.0,0.00161379,0.0,0.0
2078,0.0,0.0,0.0,0.0,0.0,0.0,0.00174232,0.0,0.0
2079,0.0,0.0,0.0,0.0,0.0,0.0,0.00201164,0.0,0.0
2080,0.0,0.0,0.0,0.0,0.0,0.0,0.00233427,0.0,0.0
2081,0.0,0.0,0.0,0.0,0.0,0.0,0.00257794,0.0,0.0
2082,0.0,0.0,0.0,0.0,0.0,0.0,0.0027868,0.0,0.0
2083,0.0,0.0,0.0,0.0,0.0,0.0,0.00316775,0.0,0.0
2084,0.0,0.0,0.0,0.0,0.0,0.0,0.0036323,0.0,0.0
2085,0.0,0.0,0.0,0.0,0.0,0.0,0.00419072,0.0,0.0
2086,0.0,0.0,0.0,0.0,0.0,0.0,0.00480416,0.0,0.0
2087,0.0,0.0,0.0,0.0,0.0,0.0,0.00525835,0.0,0.0
2088,0.0,0.0,0.0,0.0,0.0,0.0,0.00567843,0.0,0.0
2089,0.0,0.0,0.0,0.0,0.0,0.0,0.00661178,0.0,0.0
2090,0.0,0.0,0.0,0.0,0.0,0.0,0.00778215,0.0,0.0
2091,0.0,0.0,0.0,0.0,0.0,0.0,0.00869296,0.0,0.0
2092,0.0,0.0,0.0,0.0,0.0,0.0,0.0095244,0.0,0.0
2093,0.0,0.0,0.0,0.0,0.0,0.0,0.01031187,0.0,0.0
2094,0.0,0.0,0.0,0.0,0.0,0.0,0.01111537,0.0,0.0
2095,0.0,0.0,0.0,0.0,0.0,0.0,0.01297972,0.0,0.0
2096,0.0,0.0,0.0,0.0,0.0,0.0,0.01496901,0.0,0.0
2097,0.0,0.0,0.0,0.0,0.0,0.0,0.01609454,0.0,0.0
2098,0.0,0.0,0.0,0.0,0.0,0.0,0.01696916,0.0,0.0
2099,0.0,0.0,0.0,0.0,0.0,0.0,0.01748737,0.0,0.0
2100,0.0,0.0,0.0,0.0,0.0,0.0,0.01906338,0.0,0.0
2101,0.0,0.0,0.0,0.0,0.0,0.0,0.02081027,0.0,0.0
2102,0.0,0.0,0.0,0.0,0.0,0.0,0.0226948,0.0,0.0
2103,0.0,0.0,0.0,0.0,0.0,0.0,0.02216439,0.0,0.0
2104,0.0,0.0,0.0,0.0,0.0,0.0,0.02124205,0.0,0.0
2105,0.0,0.0,0.0,0.0,0.0,0.0,0.02180974,0.0,0.0
2106,0.0,0.0,0.0,0.0,0.0,0.0,0.02294984,0.0,0.0
2107,0.0,0.0,0.0,0.0,0.0,0.0,0.02221152,0.0,0.0
2108,0.0,0.0,0.0,0.0,0.0,0.0,0.02126572,0.0,0.0
2109,0.0,0.0,0.0,0.0,0.0,0.0,0.01993084,0.0,0.0
2110,0.0,0.0,0.0,0.0,0.0,0.0,0.01869197,0.0,0.0
2111,0.0,0.0,0.0,0.0,0.0,0.0,0.01811937,0.0,0.0
2112,0.0,0.0,0.0,0.0,0.0,0.0,0.01786418,0.0,0.0
2113,0.0,0.0,0.0,0.0,0.0,0.0,0.01643975,0.0,0.0
2114,0.0,0.0,0.0,0.0,0.0,0.0,0.01466986,0.0,0.0
2115,0.0,0.0,0.0,0.0,0.0,0.0,0.0135464,0.0,0.0
2116,0.0,0.0,0.0,0.0,0.0,0.0,0.01326019,0.0,0.0
2117,0.0,0.0,0.0,0.0,0.0,0.0,0.01293575,0.0,0.0
2118,0.0,0.0,0.0,0.0,0.0,0.0,0.01248782,0.0,0.0
2119,0.0,0.0,0.0,0.0,0.0,0.0,0.01179752,0.0,0.0
2120,0.0,0.0,0.0,0.0,0.0,0.0,0.01248861,0.0,0.0
2121,0.0,0.0,0.0,0.0,0.0,0.0,0.01325662,0.0,0.0
2122,0.0,0.0,0.0,0.0,0.0,0.0,0.01442846,0.0,0.0
2123,0.0,0.0,0.0,0.0,0.0,0.0,0.01356356,0.0,0.0
2124,0.0,0.0,0.0,0.0,0.0,0.0,0.01288402,0.0,0.0
2125,0.0,0.0,0.0,0.0,0.0,0.0,0.01358651,0.0,0.0
2126,0.0,0.0,0.0,0.0,0.0,0.0,0.01450515,0.0,0.0
2127,0.0,0.0,0.0,0.0,0.0,0.0,0.01419464,0.0,0.0
2128,0.0,0.0,0.0,0.0,0.0,0.0,0.01373746,0.0,0.0
2129,0.0,0.0,0.0,0.0,0.0,0.0,0.01312893,0.0,0.0
2130,0.0,0.0,0.0,0.0,0.0,0.0,0.01341856,0.0,0.0
2131,0.0,0.0,0.0,0.0,0.0,0.0,0.01405334,0.0,0.0
2132,0.0,0.0,0.0,0.0,0.0,0.0,0.01377015,0.0,0.0
2133,0.0,0.0,0.0,0.0,0.0,0.0,0.01309304,0.0,0.0
2134,0.0,0.0,0.0,0.0,0.0,0.0,0.01258651,0.0,0.0
2135,0.0,0.0,0.0,0.0,0.0,0.0,0.01239497,0.0,0.0
2136,0.0,0.0,0.0,0.0,0.0,0.0,0.01234869,0.0,0.0
2137,0.0,0.0,0.0,0.0,0.0,0.0,0.01235036,0.0,0.0
2138,0.0,0.0,0.0,0.0,0.0,0.0,0.01231244,0.0,0.0
2139,0.0,0.0,0.0,0.0,0.0,0.0,0.01158472,0.0,0.0
2140,0.0,0.0,0.0,0.0,0.0,0.0,0.01103863,0.0,0.0
2141,0.0,0.0,0.0,0.0,0.0,0.0,0.01102705,0.0,0.0
2142,0.0,0.0,0.0,0.0,0.0,0.0,0.01129517,0.0,0.0
2143,0.0,0.0,0.0,0.0,0.0,0.0,0.01101512,0.0,0.0
2144,0.0,0.0,0.0,0.0,0.0,0.0,0.01095487,0.0,0.0
2145,0.0,0.0,0.0,0.0,0.0,0.0,0.01044002,0.0,0.0
2146,0.0,0.0,0.0,0.0,0.0,0.0,0.01028106,0.0,0.0
2147,0.0,0.0,0.0,0.0,0.0,0.0,0.00990154,0.0,0.0
2148,0.0,0.0,0.0,0.0,0.0,0.0,0.00977035,0.0,0.0
2149,0.0,0.0,0.0,0.0,0.0,0.0,0.00966334,0.0,0.0
2150,0.0,0.0,0.0,0.0,0.0,0.0,0.00978388,0.0,0.0
2151,0.0,0.0,0.0,0.0,0.0,0.0,0.00939433,0.0,0.0
2152,0.0,0.0,0.0,0.0,0.0,0.0,0.0091682,0.0,0.0
2153,0.0,0.0,0.0,0.0,0.0,0.0,0.00899968,0.0,0.0
2154,0.0,0.0,0.0,0.0,0.0,0.0,0.00906556,0.0,0.0
2155,0.0,0.0,0.0,0.0,0.0,0.0,0.00875853,0.0,0.0
2156,0.0,0.0,0.0,0.0,0.0,0.0,0.00865881,0.0,0.0
2157,0.0,0.0,0.0,0.0,0.0,0.0,0.00843378,0.0,0.0
2158,0.0,0.0,0.0,0.0,0.0,0.0,0.00825238,0.0,0.0
2159,0.0,0.0,0.0,0.0,0.0,0.0,0.008215,0.0,0.0
2160,0.0,0.0,0.0,0.0,0.0,0.0,0.00826552,0.0,0.0
2161,0.0,0.0,0.0,0.0,0.0,0.0,0.00809348,0.0,0.0
2162,0.0,0.0,0.0,0.0,0.0,0.0,0.00792303,0.0,0.0
2163,0.0,0.0,0.0,0.0,0.0,0.0,0.00793309,0.0,0.0
2164,0.0,0.0,0.0,0.0,0.0,0.0,0.00807253,0.0,0.0
2165,0.0,0.0,0.0,0.0,0.0,0.0,0.00798784,0.0,0.0
2166,0.0,0.0,0.0,0.0,0.0,0.0,0.00796433,0.0,0.0
2167,0.0,0.0,0.0,0.0,0.0,0.0,0.00788536,0.0,0.0
2168,0.0,0.0,0.0,0.0,0.0,0.0,0.00776006,0.0,0.0
2169,0.0,0.0,0.0,0.0,0.0,0.0,0.00777768,0.0,0.0
2170,0.0,0.0,0.0,0.0,0.0,0.0,0.00809679,0.0,0.0
2171,0.0,0.0,0.0,0.0,0.0,0.0,0.0079721,0.0,0.0
2172,0.0,0.0,0.0,0.0,0.0,0.0,0.00776969,0.0,0.0
2173,0.0,0.0,0.0,0.0,0.0,0.0,0.00768246,0.0,0.0
2174,0.0,0.0,0.0,0.0,0.0,0.0,0.00764897,0.0,0.0
2175,0.0,0.0,0.0,0.0,0.0,0.0,0.00764124,0.0,0.0
2176,0.0,0.0,0.0,0.0,0.0,0.0,0.00767922,0.0,0.0
2177,0.0,0.0,0.0,0.0,0.0,0.0,0.00770876,0.0,0.0
2178,0.0,0.0,0.0,0.0,0.0,0.0,0.00778771,0.0,0.0
2179,0.0,0.0,0.0,0.0,0.0,0.0,0.00771824,0.0,0.0
2180,0.0,0.0,0.0,0.0,0.0,0.0,0.00766335,0.0,0.0
2181,0.0,0.0,0.0,0.0,0.0,0.0,0.00755322,0.0,0.0
2182,0.0,0.0,0.0,0.0,0.0,0.0,0.00750381,0.0,0.0
2183,0.0,0.0,0.0,0.0,0.0,0.0,0.00754533,0.0,0.0
2184,0.0,0.0,0.0,0.0,0.0,0.0,0.00770311,0.0,0.0
2185,0.0,0.0,0.0,0.0,0.0,0.0,0.00766713,0.0,0.0
2186,0.0,0.0,0.0,0.0,0.0,0.0,0.0077575,0.0,0.0
2187,0.0,0.0,0.0,0.0,0.0,0.0,0.00777259,0.0,0.0
2188,0.0,0.0,0.0,0.0,0.0,0.0,0.00785813,0.0,0.0
2189,0.0,0.0,0.0,0.0,0.0,0.0,0.00777838,0.0,0.0
2190,0.0,0.0,0.0,0.0,0.0,0.0,0.0079576,0.0,0.0
2191,0.0,0.0,0.0,0.0,0.0,0.0,0.00756898,0.0,0.0
2192,0.0,0.0,0.0,0.0,0.0,0.0,0.00751259,0.0,0.0
2193,0.0,0.0,0.0,0.0,0.0,0.0,0.00735441,0.0,0.0
2194,0.0,0.0,0.0,0.0,0.0,0.0,0.00737833,0.0,0.0
2195,0.0,0.0,0.0,0.0,0.0,0.0,0.0078017,0.0,0.0
2196,0.0,0.0,0.0,0.0,0.0,0.0,0.00754709,0.0,0.0
2197,0.0,0.0,0.0,0.0,0.0,0.0,0.00754713,0.0,0.0
2198,0.0,0.0,0.0,0.0,0.0,0.0,0.00810472,0.0,0.0
2199,0.0,0.0,0.0,0.0,0.0,0.0,0.00740215,0.0,0.0
2200,0.0,0.0,0.0,0.0,0.0,0.0,0.00750081,0.0,0.0
2201,0.0,0.0,0.0,0.0,0.0,0.0,0.00718993,0.0,0.0
2202,0.0,0.0,0.0,0.0,0.0,0.0,0.00758386,0.0,0.0
2203,0.0,0.0,0.0,0.0,0.0,0.0,0.00688808,0.0,0.0
2204,0.0,0.0,0.0,0.0,0.0,0.0,0.00665985,0.0,0.0
2205,0.0,0.0,0.0,0.0,0.0,0.0,0.0063449,0.0,0.0
2206,0.0,0.0,0.0,0.0,0.0,0.0,0.00627279,0.0,0.0
2207,0.0,0.0,0.0,0.0,0.0,0.0,0.00646239,0.0,0.0
2208,0.0,0.0,0.0,0.0,0.0,0.0,0.00637239,0.0,0.0
2209,0.0,0.0,0.0,0.0,0.0,0.0,0.00617813,0.0,0.0
2210,0.0,0.0,0.0,0.0,0.0,0.0,0.00607908,0.0,0.0
2211,0.0,0.0,0.0,0.0,0.0,0.0,0.00587768,0.0,0.0
2212,0.0,0.0,0.0,0.0,0.0,0.0,0.00583469,0.0,0.0
2213,0.0,0.0,0.0,0.0,0.0,0.0,0.00585582,0.0,0.0
2214,0.0,0.0,0.0,0.0,0.0,0.0,0.00583294,0.0,0.0
2215,0.0,0.0,0.0,0.0,0.0,0.0,0.00552786,0.0,0.0
2216,0.0,0.0,0.0,0.0,0.0,0.0,0.00580996,0.0,0.0
2217,0.0,0.0,0.0,0.0,0.0,0.0,0.00561041,0.0,0.0
2218,0.0,0.0,0.0,0.0,0.0,0.0,0.00569768,0.0,0.0
2219,0.0,0.0,0.0,0.0,0.0,0.0,0.00548894,0.0,0.0
2220,0.0,0.0,0.0,0.0,0.0,0.0,0.00558281,0.0,0.0
2221,0.0,0.0,0.0,0.0,0.0,0.0,0.00558246,0.0,0.0
2222,0.0,0.0,0.0,0.0,0.0,0.0,0.00589921,0.0,0.0
2223,0.0,0.0,0.0,0.0,0.0,0.0,0.00551122,0.0,0.0
2224,0.0,0.0,0.0,0.0,0.0,0.0,0.00587981,0.0,0.0
2225,0.0,0.0,0.0,0.0,0.0,0.0,0.00538039,0.0,0.0
2226,0.0,0.0,0.0,0.0,0.0,0.0,0.00540754,0.0,0.0
2227,0.0,0.0,0.0,0.0,0.0,0.0,0.00555395,0.0,0.0
2228,0.0,0.0,0.0,0.0,0.0,0.0,0.00537462,0.0,0.0
2229,0.0,0.0,0.0,0.0,0.0,0.0,0.00564956,0.0,0.0
2230,0.0,0.0,0.0,0.0,0.0,0.0,0.0053545,0.0,0.0
2231,0.0,0.0,0.0,0.0,0.0,0.0,0.00553595,0.0,0.0
2232,0.0,0.0,0.0,0.0,0.0,0.0,0.00547263,0.0,0.0
2233,0.0,0.0,0.0,0.0,0.0,0.0,0.00553661,0.0,0.0
2234,0.0,0.0,0.0,0.0,0.0,0.0,0.00563581,0.0,0.0
2235,0.0,0.0,0.0,0.0,0.0,0.0,0.00575176,0.0,0.0
2236,0.0,0.0,0.0,0.0,0.0,0.0,0.00594677,0.0,0.0
2237,0.0,0.0,0.0,0.0,0.0,0.0,0.00594978,0.0,0.0
2238,0.0,0.0,0.0,0.0,0.0,0.0,0.00632442,0.0,0.0
2239,0.0,0.0,0.0,0.0,0.0,0.0,0.00636458,0.0,0.0
2240,0.0,0.0,0.0,0.0,0.0,0.0,0.00636726,0.0,0.0
2241,0.0,0.0,0.0,0.0,0.0,0.0,0.00669114,0.0,0.0
2242,0.0,0.0,0.0,0.0,0.0,0.0,0.00648329,0.0,0.0
2243,0.0,0.0,0.0,0.0,0.0,0.0,0.00663006,0.0,0.0
2244,0.0,0.0,0.0,0.0,0.0,0.0,0.006534,0.0,0.0
2245,0.0,0.0,0.0,0.0,0.0,0.0,0.00657822,0.0,0.0
2246,0.0,0.0,0.0,0.0,0.0,0.0,0.00636687,0.0,0.0
2247,0.0,0.0,0.0,0.0,0.0,0.0,0.00647944,0.0,0.0
2248,0.0,0.0,0.0,0.0,0.0,0.0,0.00617428,0.0,0.0
2249,0.0,0.0,0.0,0.0,0.0,0.0,0.00634375,0.0,0.0
2250,0.0,0.0,0.0,0.0,0.0,0.0,0.00601568,0.0,0.0
2251,0.0,0.0,0.0,0.0,0.0,0.0,0.00591652,0.0,0.0
2252,0.0,0.0,0.0,0.0,0.0,0.0,0.00584476,0.0,0.0
2253,0.0,0.0,0.0,0.0,0.0,0.0,0.00526561,0.0,0.0
2254,0.0,0.0,0.0,0.0,0.0,0.0,0.00529109,0.0,0.0
2255,0.0,0.0,0.0,0.0,0.0,0.0,0.00478807,0.0,0.0
2256,0.0,0.0,0.0,0.0,0.0,0.0,0.0048603,0.0,0.0
2257,0.0,0.0,0.0,0.0,0.0,0.0,0.00503361,0.0,0.0
2258,0.0,0.0,0.0,0.0,0.0,0.0,0.00421412,0.0,0.0
2259,0.0,0.0,0.0,0.0,0.0,0.0,0.00487425,0.0,0.0
2260,0.0,0.0,0.0,0.0,0.0,0.0,0.00467411,0.0,0.0
2261,0.0,0.0,0.0,0.0,0.0,0.0,0.00423244,0.0,0.0
2262,0.0,0.0,0.0,0.0,0.0,0.0,0.00481251,0.0,0.0
2263,0.0,0.0,0.0,0.0,0.0,0.0,0.00454449,0.0,0.0
2264,0.0,0.0,0.0,0.0,0.0,0.0,0.00389824,0.0,0.0
2265,0.0,0.0,0.0,0.0,0.0,0.0,0.00422514,0.0,0.0
2266,0.0,0.0,0.0,0.0,0.0,0.0,0.00432373,0.0,0.0
2267,0.0,0.0,0.0,0.0,0.0,0.0,0.0047807,0.0,0.0
2268,0.0,0.0,0.0,0.0,0.0,0.0,0.00376693,0.0,0.0
2269,0.0,0.0,0.0,0.0,0.0,0.0,0.00470831,0.0,0.0
2270,0.0,0.0,0.0,0.0,0.0,0.0,0.00413833,0.0,0.0
2271,0.0,0.0,0.0,0.0,0.0,0.0,0.00471711,0.0,0.0
2272,0.0,0.0,0.0,0.0,0.0,0.0,0.00480922,0.0,0.0
2273,0.0,0.0,0.0,0.0,0.0,0.0,0.00424549,0.0,0.0
2274,0.0,0.0,0.0,0.0,0.0,0.0,0.00455552,0.0,0.0
2275,0.0,0.0,0.0,0.0,0.0,0.0,0.00368604,0.0,0.0
2276,0.0,0.0,0.0,0.0,0.0,0.0,0.00300787,0.0,0.0
2277,0.0,0.0,0.0,0.0,0.0,0.0,0.00212417,0.0,0.0
2278,0.0,0.0,0.0,0.0,0.0,0.0,0.00192467,0.0,0.0
2279,0.0,0.0,0.0,0.0,0.0,0.0,0.00300972,0.0,0.0
2280,0.0,0.0,0.0,0.0,0.0,0.0,0.00476036,0.0,0.0
2281,0.0,0.0,0.0,0.0,0.0,0.0,0.00690068,0.0,0.0
2282,0.0,0.0,0.0,0.0,0.0,0.0,0.00939746,0.0,0.0
2283,0.0,0.0,0.0,0.0,0.0,0.0,0.01169978,0.0,0.0
2284,0.0,0.0,0.0,0.0,0.0,0.0,0.01455566,0.0,0.0
2285,0.0,0.0,0.0,0.0,0.0,0.0,0.01705872,0.0,0.0
2286,0.0,0.0,0.0,0.0,0.0,0.0,0.01982087,0.0,0.0
2287,0.0,0.0,0.0,0.0,0.0,0.0,0.02139429,0.0,0.0
2288,0.0,0.0,0.0,0.0,0.0,0.0,0.02388112,0.0,0.0
2289,0.0,0.0,0.0,0.0,0.0,0.0,0.02452628,0.0,0.0
2290,0.0,0.0,0.0,0.0,0.0,0.0,0.02537051,0.0,0.0
2291,0.0,0.0,0.0,0.0,0.0,0.0,0.02436959,0.0,0.0
2292,0.0,0.0,0.0,0.0,0.0,0.0,0.02473747,0.0,0.0
2293,0.0,0.0,0.0,0.0,0.0,0.0,0.02330274,0.0,0.0
2294,0.0,0.0,0.0,0.0,0.0,0.0,0.02121668,0.0,0.0
2295,0.0,0.0,0.0,0.0,0.0,0.0,0.01986061,0.0,0.0
2296,0.0,0.0,0.0,0.0,0.0,0.0,0.01836942,0.0,0.0
2297,0.0,0.0,0.0,0.0,0.0,0.0,0.01713132,0.0,0.0
2298,0.0,0.0,0.0,0.0,0.0,0.0,0.01677441,0.0,0.0
2299,0.0,0.0,0.0,0.0,0.0,0.0,0.01540347,0.0,0.0
2300,0.0,0.0,0.0,0.0,0.0,0.0,0.01501053,0.0,0.0
2301,0.0,0.0,0.0,0.0,0.0,0.0,0.01385733,0.0,0.0
2302,0.0,0.0,0.0,0.0,0.0,0.0,0.01311211,0.0,0.0
2303,0.0,0.0,0.0,0.0,0.0,0.0,0.01197532,0.0,0.0
2304,0.0,0.0,0.0,0.0,0.0,0.0,0.01181738,0.0,0.0
2305,0.0,0.0,0.0,0.0,0.0,0.0,0.01109037,0.0,0.0
2306,0.0,0.0,0.0,0.0,0.0,0.0,0.01090965,0.0,0.0
2307,0.0,0.0,0.0,0.0,0.0,0.0,0.01003,0.0,0.0
2308,0.0,0.0,0.0,0.0,0.0,0.0,0.00937679,0.0,0.0
2309,0.0,0.0,0.0,0.0,0.0,0.0,0.00859512,0.0,0.0
2310,0.0,0.0,0.0,0.0,0.0,0.0,0.00808525,0.0,0.0
2311,0.0,0.0,0.0,0.0,0.0,0.0,0.00739758,0.0,0.0
2312,0.0,0.0,0.0,0.0,0.0,0.0,0.00707669,0.0,0.0
2313,0.0,0.0,0.0,0.0,0.0,0.0,0.00642214,0.0,0.0
2314,0.0,0.0,0.0,0.0,0.0,0.0,0.00589449,0.0,0.0
2315,0.0,0.0,0.0,0.0,0.0,0.0,0.00539192,0.0,0.0
2316,0.0,0.0,0.0,0.0,0.0,0.0,0.00486335,0.0,0.0
2317,0.0,0.0,0.0,0.0,0.0,0.0,0.0044421800000000004,0.0,0.0
2318,0.0,0.0,0.0,0.0,0.0,0.0,0.00411726,0.0,0.0
2319,0.0,0.0,0.0,0.0,0.0,0.0,0.00376451,0.0,0.0
2320,0.0,0.0,0.0,0.0,0.0,0.0,0.00350608,0.0,0.0
2321,0.0,0.0,0.0,0.0,0.0,0.0,0.00313211,0.0,0.0
2322,0.0,0.0,0.0,0.0,0.0,0.0,0.00288125,0.0,0.0
2323,0.0,0.0,0.0,0.0,0.0,0.0,0.00257527,0.0,0.0
2324,0.0,0.0,0.0,0.0,0.0,0.0,0.00234556,0.0,0.0
2325,0.0,0.0,0.0,0.0,0.0,0.0,0.00212336,0.0,0.0
2326,0.0,0.0,0.0,0.0,0.0,0.0,0.00196147,0.0,0.0
2327,0.0,0.0,0.0,0.0,0.0,0.0,0.00174537,0.0,0.0
2328,0.0,0.0,0.0,0.0,0.0,0.0,0.00159941,0.0,0.0
2329,0.0,0.0,0.0,0.0,0.0,0.0,0.00141167,0.0,0.0
2330,0.0,0.0,0.0,0.0,0.0,0.0,0.00127784,0.0,0.0
2331,0.0,0.0,0.0,0.0,0.0,0.0,0.00113447,0.0,0.0
2332,0.0,0.0,0.0,0.0,0.0,0.0,0.00104905,0.0,0.0
2333,0.0,0.0,0.0,0.0,0.0,0.0,0.00094133,0.0,0.0
2334,0.0,0.0,0.0,0.0,0.0,0.0,0.00084115,0.0,0.0
2335,0.0,0.0,0.0,0.0,0.0,0.0,0.00075195,0.0,0.0
2336,0.0,0.0,0.0,0.0,0.0,0.0,0.00067387,0.0,0.0
2337,0.0,0.0,0.0,0.0,0.0,0.0,0.00060522,0.0,0.0
2338,0.0,0.0,0.0,0.0,0.0,0.0,0.0005385,0.0,0.0
2339,0.0,0.0,0.0,0.0,0.0,0.0,0.00047965,0.0,0.0
2340,0.0,0.0,0.0,0.0,0.0,0.0,0.00042337,0.0,0.0
2341,0.0,0.0,0.0,0.0,0.0,0.0,0.00037591,0.0,0.0
2342,0.0,0.0,0.0,0.0,0.0,0.0,0.00033126,0.0,0.0
2343,0.0,0.0,0.0,0.0,0.0,0.0,0.00029949,0.0,0.0
2344,0.0,0.0,0.0,0.0,0.0,0.0,0.00027125,0.0,0.0
2345,0.0,0.0,0.0,0.0,0.0,0.0,0.0002513,0.0,0.0
2346,0.0,0.0,0.0,0.0,0.0,0.0,0.00023572,0.0,0.0
2347,0.0,0.0,0.0,0.0,0.0,0.0,0.00022057,0.0,0.0
2348,0.0,0.0,0.0,0.0,0.0,0.0,0.00020941,0.0,0.0
2349,0.0,0.0,0.0,0.0,0.0,0.0,0.0002017,0.0,0.0
2350,0.0,0.0,0.0,0.0,0.0,0.0,0.00019662,0.0,0.0
2351,0.0,0.0,0.0,0.0,0.0,0.0,0.00018945,0.0,0.0
2352,0.0,0.0,0.0,0.0,0.0,0.0,0.00018387,0.0,0.0
2353,0.0,0.0,0.0,0.0,0.0,0.0,0.0001742,0.0,0.0
2354,0.0,0.0,0.0,0.0,0.0,0.0,0.00016683,0.0,0.0
2355,0.0,0.0,0.0,0.0,0.0,0.0,0.00015239,0.0,0.0
2356,0.0,0.0,0.0,0.0,0.0,0.0,0.0,0.0,0.0
2357,0.0,0.0,0.0,0.0,0.0,0.0,0.0,0.0,0.0
2358,0.0,0.0,0.0,0.0,0.0,0.0,0.0,0.0,0.0
2359,0.0,0.0,0.0,0.0,0.0,0.0,0.0,0.0,0.0
2360,0.0,0.0,0.0,0.0,0.0,0.0,0.0,0.0,0.0
2361,0.0,0.0,0.0,0.0,0.0,0.0,0.0,0.0,0.0
2362,0.0,0.0,0.0,0.0,0.0,0.0,0.0,0.0,0.0
2363,0.0,0.0,0.0,0.0,0.0,0.0,0.0,0.0,0.0
2364,0.0,0.0,0.0,0.0,0.0,0.0,0.0,0.0,0.0
2365,0.0,0.0,0.0,0.0,0.0,0.0,0.0,0.0,0.0
2366,0.0,0.0,0.0,0.0,0.0,0.0,0.0,0.0,0.0
2367,0.0,0.0,0.0,0.0,0.0,0.0,0.0,0.0,0.0
2368,0.0,0.0,0.0,0.0,0.0,0.0,0.0,0.0,0.0
2369,0.0,0.0,0.0,0.0,0.0,0.0,0.0,0.0,0.0
2370,0.0,0.0,0.0,0.0,0.0,0.0,0.0,0.0,0.0
2371,0.0,0.0,0.0,0.0,0.0,0.0,0.0,0.0,0.0
2372,0.0,0.0,0.0,0.0,0.0,0.0,0.0,0.0,0.0
2373,0.0,0.0,0.0,0.0,0.0,0.0,0.0,0.0,0.0
2374,0.0,0.0,0.0,0.0,0.0,0.0,0.0,0.0,0.0
2375,0.0,0.0,0.0,0.0,0.0,0.0,0.0,0.0,0.0
2376,0.0,0.0,0.0,0.0,0.0,0.0,0.0,0.0,0.0
2377,0.0,0.0,0.0,0.0,0.0,0.0,0.0,0.0,0.0
2378,0.0,0.0,0.0,0.0,0.0,0.0,0.0,0.0,0.0
2379,0.0,0.0,0.0,0.0,0.0,0.0,0.0,0.0,0.0
2380,0.0,0.0,0.0,0.0,0.0,0.0,0.0,0.0,0.0
2381,0.0,0.0,0.0,0.0,0.0,0.0,0.0,0.0,0.0
2382,0.0,0.0,0.0,0.0,0.0,0.0,0.0,0.0,0.0
2383,0.0,0.0,0.0,0.0,0.0,0.0,0.0,0.0,0.0
2384,0.0,0.0,0.0,0.0,0.0,0.0,0.0,0.0,0.0
2385,0.0,0.0,0.0,0.0,0.0,0.0,0.0,0.0,0.0
2386,0.0,0.0,0.0,0.0,0.0,0.0,0.0,0.0,0.0
2387,0.0,0.0,0.0,0.0,0.0,0.0,0.0,0.0,0.0
2388,0.0,0.0,0.0,0.0,0.0,0.0,0.0,0.0,0.0
2389,0.0,0.0,0.0,0.0,0.0,0.0,0.0,0.0,0.0
2390,0.0,0.0,0.0,0.0,0.0,0.0,0.0,0.0,0.0
2391,0.0,0.0,0.0,0.0,0.0,0.0,0.0,0.0,0.0
2392,0.0,0.0,0.0,0.0,0.0,0.0,0.0,0.0,0.0
2393,0.0,0.0,0.0,0.0,0.0,0.0,0.0,0.0,0.0
2394,0.0,0.0,0.0,0.0,0.0,0.0,0.0,0.0,0.0
2395,0.0,0.0,0.0,0.0,0.0,0.0,0.0,0.0,0.0
2396,0.0,0.0,0.0,0.0,0.0,0.0,0.0,0.0,0.0
2397,0.0,0.0,0.0,0.0,0.0,0.0,0.0,0.0,0.0
2398,0.0,0.0,0.0,0.0,0.0,0.0,0.0,0.0,0.0
2399,0.0,0.0,0.0,0.0,0.0,0.0,0.0,0.0,0.0
2400,0.0,0.0,0.0,0.0,0.0,0.0,0.0,0.0,0.0
2401,0.0,0.0,0.0,0.0,0.0,0.0,0.0,0.0,0.0
2402,0.0,0.0,0.0,0.0,0.0,0.0,0.0,0.0,0.0
2403,0.0,0.0,0.0,0.0,0.0,0.0,0.0,0.0,0.0
2404,0.0,0.0,0.0,0.0,0.0,0.0,0.0,0.0,0.0
2405,0.0,0.0,0.0,0.0,0.0,0.0,0.0,0.0,0.0
2406,0.0,0.0,0.0,0.0,0.0,0.0,0.0,0.0,0.0
2407,0.0,0.0,0.0,0.0,0.0,0.0,0.0,0.0,0.0
2408,0.0,0.0,0.0,0.0,0.0,0.0,0.0,0.0,0.0
2409,0.0,0.0,0.0,0.0,0.0,0.0,0.0,0.0,0.0
2410,0.0,0.0,0.0,0.0,0.0,0.0,0.0,0.0,0.0
2411,0.0,0.0,0.0,0.0,0.0,0.0,0.0,0.0,0.0
2412,0.0,0.0,0.0,0.0,0.0,0.0,0.0,0.0,0.0
2413,0.0,0.0,0.0,0.0,0.0,0.0,0.0,0.0,0.0
2414,0.0,0.0,0.0,0.0,0.0,0.0,0.0,0.0,0.0
2415,0.0,0.0,0.0,0.0,0.0,0.0,0.0,0.0,0.0
2416,0.0,0.0,0.0,0.0,0.0,0.0,0.0,0.0,0.0
2417,0.0,0.0,0.0,0.0,0.0,0.0,0.0,0.0,0.0
2418,0.0,0.0,0.0,0.0,0.0,0.0,0.0,0.0,0.0
2419,0.0,0.0,0.0,0.0,0.0,0.0,0.0,0.0,0.0
2420,0.0,0.0,0.0,0.0,0.0,0.0,0.0,0.0,0.0
2421,0.0,0.0,0.0,0.0,0.0,0.0,0.0,0.0,0.0
2422,0.0,0.0,0.0,0.0,0.0,0.0,0.0,0.0,0.0
2423,0.0,0.0,0.0,0.0,0.0,0.0,0.0,0.0,0.0
2424,0.0,0.0,0.0,0.0,0.0,0.0,0.0,0.0,0.0
2425,0.0,0.0,0.0,0.0,0.0,0.0,0.0,0.0,0.0
2426,0.0,0.0,0.0,0.0,0.0,0.0,0.0,0.0,0.0
2427,0.0,0.0,0.0,0.0,0.0,0.0,0.0,0.0,0.0
2428,0.0,0.0,0.0,0.0,0.0,0.0,0.0,0.0,0.0
2429,0.0,0.0,0.0,0.0,0.0,0.0,0.0,0.0,0.0
2430,0.0,0.0,0.0,0.0,0.0,0.0,0.0,0.0,0.0
2431,0.0,0.0,0.0,0.0,0.0,0.0,0.0,0.0,0.0
2432,0.0,0.0,0.0,0.0,0.0,0.0,0.0,0.0,0.0
2433,0.0,0.0,0.0,0.0,0.0,0.0,0.0,0.0,0.0
2434,0.0,0.0,0.0,0.0,0.0,0.0,0.0,0.0,0.0
2435,0.0,0.0,0.0,0.0,0.0,0.0,0.0,0.0,0.0
2436,0.0,0.0,0.0,0.0,0.0,0.0,0.0,0.0,0.0
2437,0.0,0.0,0.0,0.0,0.0,0.0,0.0,0.0,0.0
2438,0.0,0.0,0.0,0.0,0.0,0.0,0.0,0.0,0.0
2439,0.0,0.0,0.0,0.0,0.0,0.0,0.0,0.0,0.0
2440,0.0,0.0,0.0,0.0,0.0,0.0,0.0,0.0,0.0
2441,0.0,0.0,0.0,0.0,0.0,0.0,0.0,0.0,0.0
2442,0.0,0.0,0.0,0.0,0.0,0.0,0.0,0.0,0.0
2443,0.0,0.0,0.0,0.0,0.0,0.0,0.0,0.0,0.0
2444,0.0,0.0,0.0,0.0,0.0,0.0,0.0,0.0,0.0
2445,0.0,0.0,0.0,0.0,0.0,0.0,0.0,0.0,0.0
2446,0.0,0.0,0.0,0.0,0.0,0.0,0.0,0.0,0.0
2447,0.0,0.0,0.0,0.0,0.0,0.0,0.0,0.0,0.0
2448,0.0,0.0,0.0,0.0,0.0,0.0,0.0,0.0,0.0
2449,0.0,0.0,0.0,0.0,0.0,0.0,0.0,0.0,0.0
2450,0.0,0.0,0.0,0.0,0.0,0.0,0.0,0.0,0.0
2451,0.0,0.0,0.0,0.0,0.0,0.0,0.0,0.0,0.0
2452,0.0,0.0,0.0,0.0,0.0,0.0,0.0,0.0,0.0
2453,0.0,0.0,0.0,0.0,0.0,0.0,0.0,0.0,0.0
2454,0.0,0.0,0.0,0.0,0.0,0.0,0.0,0.0,0.0
2455,0.0,0.0,0.0,0.0,0.0,0.0,0.0,0.0,0.0
2456,0.0,0.0,0.0,0.0,0.0,0.0,0.0,0.0,0.0
2457,0.0,0.0,0.0,0.0,0.0,0.0,0.0,0.0,0.0
2458,0.0,0.0,0.0,0.0,0.0,0.0,0.0,0.0,0.0
2459,0.0,0.0,0.0,0.0,0.0,0.0,0.0,0.0,0.0
2460,0.0,0.0,0.0,0.0,0.0,0.0,0.0,0.0,0.0
2461,0.0,0.0,0.0,0.0,0.0,0.0,0.0,0.0,0.0
2462,0.0,0.0,0.0,0.0,0.0,0.0,0.0,0.0,0.0
2463,0.0,0.0,0.0,0.0,0.0,0.0,0.0,0.0,0.0
2464,0.0,0.0,0.0,0.0,0.0,0.0,0.0,0.0,0.0
2465,0.0,0.0,0.0,0.0,0.0,0.0,0.0,0.0,0.0
2466,0.0,0.0,0.0,0.0,0.0,0.0,0.0,0.0,0.0
2467,0.0,0.0,0.0,0.0,0.0,0.0,0.0,0.0,0.0
2468,0.0,0.0,0.0,0.0,0.0,0.0,0.0,0.0,0.0
2469,0.0,0.0,0.0,0.0,0.0,0.0,0.0,0.0,0.0
2470,0.0,0.0,0.0,0.0,0.0,0.0,0.0,0.0,0.0
2471,0.0,0.0,0.0,0.0,0.0,0.0,0.0,0.0,0.0
2472,0.0,0.0,0.0,0.0,0.0,0.0,0.0,0.0,0.0
2473,0.0,0.0,0.0,0.0,0.0,0.0,0.0,0.0,0.0
2474,0.0,0.0,0.0,0.0,0.0,0.0,0.0,0.0,0.0
2475,0.0,0.0,0.0,0.0,0.0,0.0,0.0,0.0,0.0
2476,0.0,0.0,0.0,0.0,0.0,0.0,0.0,0.0,0.0
2477,0.0,0.0,0.0,0.0,0.0,0.0,0.0,0.0,0.0
2478,0.0,0.0,0.0,0.0,0.0,0.0,0.0,0.0,0.0
2479,0.0,0.0,0.0,0.0,0.0,0.0,0.0,0.0,0.0
2480,0.0,0.0,0.0,0.0,0.0,0.0,0.0,0.0,0.0
2481,0.0,0.0,0.0,0.0,0.0,0.0,0.0,0.0,0.0
2482,0.0,0.0,0.0,0.0,0.0,0.0,0.0,0.0,0.0
2483,0.0,0.0,0.0,0.0,0.0,0.0,0.0,0.0,0.0
2484,0.0,0.0,0.0,0.0,0.0,0.0,0.0,0.0,0.0
2485,0.0,0.0,0.0,0.0,0.0,0.0,0.0,0.0,0.0
2486,0.0,0.0,0.0,0.0,0.0,0.0,0.0,0.0,0.0
2487,0.0,0.0,0.0,0.0,0.0,0.0,0.0,0.0,0.0
2488,0.0,0.0,0.0,0.0,0.0,0.0,0.0,0.0,0.0
2489,0.0,0.0,0.0,0.0,0.0,0.0,0.0,0.0,0.0
2490,0.0,0.0,0.0,0.0,0.0,0.0,0.0,0.0,0.0
2491,0.0,0.0,0.0,0.0,0.0,0.0,0.0,0.0,0.0
2492,0.0,0.0,0.0,0.0,0.0,0.0,0.0,0.0,0.0
2493,0.0,0.0,0.0,0.0,0.0,0.0,0.0,0.0,0.0
2494,0.0,0.0,0.0,0.0,0.0,0.0,0.0,0.0,0.0
2495,0.0,0.0,0.0,0.0,0.0,0.0,0.0,0.0,0.0
2496,0.0,0.0,0.0,0.0,0.0,0.0,0.0,0.0,0.0
2497,0.0,0.0,0.0,0.0,0.0,0.0,0.0,0.0,0.0
2498,0.0,0.0,0.0,0.0,0.0,0.0,0.0,0.0,0.0
2499,0.0,0.0,0.0,0.0,0.0,0.0,0.0,0.0,0.0
2500,0.0,0.0,0.0,0.0,0.0,0.0,0.0,0.0,0.0
